12,genshin_kokomi_c6cbaf.jpg,images/genshin_kokomi_c6cbaf.jpg,694407,"",07714aec8f66dc197a0651fb015f0b9940dfdef2e09d32d736ac385ee4efdab3,2000,1151,1.7376,2025-08-16 13:25:00
13,honkai3_elysia_da211f.png,images/honkai3_elysia_da211f.png,10170134,"",4602b5c85a3f305464cee3e11096b68476892dae6ba526f90831ef48a3098bd4,15360,8640,1.7778,2025-08-16 13:25:25
14,genshin_kokomi_c6ca41.jpg,images/genshin_kokomi_c6ca41.jpg,3922299,"",3e5a3d5bcb5785d93ac4fb2bb2ada8e328e2ed210aec2b3eb512e97d6116cd1b,6145,4069,1.5102,2025-08-16 13:45:03
17,image_1755445282538_909f0c.jpg,images/image_1755445282538_909f0c.jpg,11748873,"",6ad447471cb759df8560f7e82bd0b8eb17c821b68feb122582ef05c7016de5e5,4576,6672,0.6859,2025-08-17 23:41:22
18,image_1755445289365_1fa4b0.jpg,images/image_1755445289365_1fa4b0.jpg,10903192,"",103cd79d4a595b365ac0a6942a722870080bc30e9583145c44dada8be1182e2c,4660,6360,0.7327,2025-08-17 23:41:29
19,image_1755445292020_40f4ba.jpg,images/image_1755445292020_40f4ba.jpg,15130663,"",ad966d3da1ecc3b35ca125f9f18b889edeec89045613bc84a51edd105f3b5b8d,6080,6360,0.9560,2025-08-17 23:41:32
20,image_1755445294415_cf8977.jpg,images/image_1755445294415_cf8977.jpg,5820979,"",bfbf526dad4faee0386ac60e8bad6551679737e40aa0e0cd530f160273ce1e00,4000,3000,1.3333,2025-08-17 23:41:34
21,image_1755445296574_77009a.jpg,images/image_1755445296574_77009a.jpg,4358226,"",88c9e8765a9bedd6280a5481f2a49421989dabcea76bf4cc0797cd7c4ba3a3d2,2712,3000,0.9040,2025-08-17 23:41:36
22,image_1755445298947_957c5e.jpg,images/image_1755445298947_957c5e.jpg,3028300,"",5650006edbc5cbe1d07d413c8f52d143bdc4bad71716e851fc0c7a36c9bd2b79,2244,2748,0.8166,2025-08-17 23:41:38
23,image_1755445301003_5fa9f0.jpg,images/image_1755445301003_5fa9f0.jpg,2612460,"",cfc310f6a380924912d15709a62abdb6c812cf0907bde0738f8b64cccc7a4002,2088,2876,0.7260,2025-08-17 23:41:41
24,image_1755445302968_51bbb8.jpg,images/image_1755445302968_51bbb8.jpg,3100619,"",d78ddff29889feff65c18d81ef88c892d2bb8426f7cc0f58a7082e6cef2a64af,1836,3000,0.6120,2025-08-17 23:41:42
25,image_1755445305774_3e1139.jpg,images/image_1755445305774_3e1139.jpg,7341960,"",2d7344d40316a2fad5674241c89c7ac1ef199b808d2de77f54e5e34491c45780,4000,3000,1.3333,2025-08-17 23:41:45
26,image_1755445307911_6f3b49.jpg,images/image_1755445307911_6f3b49.jpg,8579432,"",438b8eff1a045dd060aaea913b5c58c54543647ed0abb2353085282b9426bec7,4280,6092,0.7026,2025-08-17 23:41:47
27,image_1755445311872_4f98da.jpg,images/image_1755445311872_4f98da.jpg,5230835,"",528e629fe3edd27859ad7b92c76b29aa77b08398fed5bfdc12dcc4175747c3b1,3972,6360,0.6245,2025-08-17 23:41:51
28,image_1755445315364_4655fc.jpg,images/image_1755445315364_4655fc.jpg,8052988,"",ef602628d0e8c3839d1c60c800bc97a8c52f61138f2af70face650a9302c72c4,3340,6184,0.5401,2025-08-17 23:41:55
29,image_1755445317620_ceb2c5.jpg,images/image_1755445317620_ceb2c5.jpg,9045301,"",67a4481ac97e7b7125bde089d5945360c25bb9d1f62efaa8585d67af19b3b33b,4076,5748,0.7091,2025-08-17 23:41:57
30,image_1755445319443_1230a7.jpg,images/image_1755445319443_1230a7.jpg,2952894,"",b83f4a84b94e63e063e355b662c65a23a8543ea4a45be8e321ffd2022685634c,1904,2868,0.6639,2025-08-17 23:41:59
