-- MySQL dump 10.13  Distrib 9.4.0, for Win64 (x86_64)
--
-- Host: 127.0.0.1    Database: gallery_db
-- ------------------------------------------------------
-- Server version	9.4.0

/*!40101 SET @OLD_CHARACTER_SET_CLIENT=@@CHARACTER_SET_CLIENT */;
/*!40101 SET @OLD_CHARACTER_SET_RESULTS=@@CHARACTER_SET_RESULTS */;
/*!40101 SET @OLD_COLLATION_CONNECTION=@@COLLATION_CONNECTION */;
/*!50503 SET NAMES utf8mb4 */;
/*!40103 SET @OLD_TIME_ZONE=@@TIME_ZONE */;
/*!40103 SET TIME_ZONE='+00:00' */;
/*!40014 SET @OLD_UNIQUE_CHECKS=@@UNIQUE_CHECKS, UNIQUE_CHECKS=0 */;
/*!40014 SET @OLD_FOREIGN_KEY_CHECKS=@@FOREIGN_KEY_CHECKS, FOREIGN_KEY_CHECKS=0 */;
/*!40101 SET @OLD_SQL_MODE=@@SQL_MODE, SQL_MODE='NO_AUTO_VALUE_ON_ZERO' */;
/*!40111 SET @OLD_SQL_NOTES=@@SQL_NOTES, SQL_NOTES=0 */;

--
-- Table structure for table `image_tags`
--

DROP TABLE IF EXISTS `image_tags`;
/*!40101 SET @saved_cs_client     = @@character_set_client */;
/*!50503 SET character_set_client = utf8mb4 */;
CREATE TABLE `image_tags` (
  `image_id` int unsigned NOT NULL COMMENT '图片ID',
  `tag_id` int unsigned NOT NULL COMMENT '标签ID',
  PRIMARY KEY (`image_id`,`tag_id`),
  KEY `fk_tag` (`tag_id`),
  CONSTRAINT `fk_image` FOREIGN KEY (`image_id`) REFERENCES `images` (`id`) ON DELETE CASCADE ON UPDATE CASCADE,
  CONSTRAINT `fk_tag` FOREIGN KEY (`tag_id`) REFERENCES `tags` (`id`) ON DELETE CASCADE ON UPDATE CASCADE
) ENGINE=InnoDB DEFAULT CHARSET=utf8mb4 COLLATE=utf8mb4_unicode_ci COMMENT='图片与标签关联表';
/*!40101 SET character_set_client = @saved_cs_client */;

--
-- Dumping data for table `image_tags`
--

LOCK TABLES `image_tags` WRITE;
/*!40000 ALTER TABLE `image_tags` DISABLE KEYS */;
INSERT INTO `image_tags` (`image_id`, `tag_id`) VALUES (242,101),(243,101),(244,101),(245,101),(246,101),(247,101),(248,101),(249,101),(250,101),(251,101),(252,101),(253,101),(254,101),(255,101),(256,101),(257,101),(242,113),(243,113),(244,113),(245,113),(246,113),(247,113),(248,113),(249,113),(250,113),(251,113),(252,113),(253,113),(254,113),(255,113),(256,113),(257,113),(338,129),(339,129),(340,129),(341,129),(342,129),(343,129),(344,129),(345,129),(346,129),(347,129),(348,129),(349,129),(350,129),(351,129),(352,129),(353,129),(354,129),(355,129),(356,129),(357,129),(358,129),(359,129),(360,129),(361,129),(362,129),(363,129),(364,129),(365,129),(366,129),(367,129),(338,141),(339,141),(340,141),(341,141),(342,141),(343,141),(344,141),(345,141),(346,141),(347,141),(348,141),(349,141),(350,141),(351,141),(352,141),(353,141),(354,141),(355,141),(356,141),(357,141),(358,141),(359,141),(360,141),(361,141),(362,141),(363,141),(364,141),(365,141),(366,141),(367,141),(224,154),(225,154),(226,154),(227,154),(228,154),(229,154),(230,154),(231,154),(232,154),(233,154),(234,154),(235,154),(236,154),(237,154),(238,154),(258,154),(224,179),(225,179),(226,179),(227,179),(228,179),(229,179),(230,179),(231,179),(232,179),(233,179),(234,179),(235,179),(236,179),(237,179),(238,179),(258,179),(136,191),(137,193),(138,193),(137,194),(138,194),(139,195),(140,195),(140,196),(37,197),(38,197),(141,197),(37,198),(38,198),(142,201),(142,202),(143,203),(144,203),(146,205),(147,205),(146,206),(147,206),(148,207),(149,207),(150,209),(151,209),(152,211),(153,211),(154,211),(155,211),(156,211),(157,211),(145,213),(145,214),(158,215),(159,215),(158,216),(159,216),(186,217),(187,217),(186,218),(187,218),(160,219),(161,219),(162,219),(163,219),(164,219),(165,219),(160,220),(161,220),(163,220),(164,220),(180,221),(180,222),(217,223),(218,223),(217,224),(218,224),(181,225),(182,225),(183,225),(184,225),(185,225),(181,226),(182,226),(183,226),(184,226),(185,226),(213,227),(213,228),(189,231),(190,231),(191,231),(192,231),(193,231),(194,231),(195,231),(196,231),(197,231),(198,231),(199,231),(200,231),(201,231),(202,231),(203,231),(204,231),(205,231),(199,232),(200,232),(201,232),(202,232),(203,232),(204,232),(205,232),(206,233),(207,233),(208,233),(209,233),(210,233),(211,233),(212,233),(207,234),(209,234),(188,235),(214,237),(215,237),(216,237),(214,238),(166,239),(167,239),(168,239),(169,239),(170,239),(171,239),(172,239),(173,239),(174,239),(175,239),(176,239),(177,239),(178,239),(179,239),(219,241),(220,241),(221,241),(222,241),(219,242),(220,242),(221,242),(222,242),(223,243),(223,244),(61,245),(62,245),(63,245),(64,245),(65,245),(66,245),(67,245),(68,245),(69,245),(61,246),(62,246),(63,246),(64,246),(65,246),(66,246),(67,246),(68,246),(69,246),(70,247),(71,247),(72,247),(73,247),(74,247),(75,247),(76,247),(77,247),(78,247),(79,247),(80,247),(81,247),(82,247),(83,247),(84,247),(85,247),(86,247),(87,247),(88,247),(89,247),(90,247),(91,247),(92,247),(93,247),(94,247),(95,247),(96,247),(97,247),(98,247),(99,247),(100,247),(101,247),(102,247),(103,247),(104,247),(105,247),(106,247),(107,247),(108,247),(109,247),(110,247),(111,247),(112,247),(113,247),(114,247),(115,247),(116,247),(117,247),(118,247),(119,247),(120,247),(121,247),(122,247),(123,247),(124,247),(125,247),(126,247),(127,247),(128,247),(147,247),(70,248),(71,248),(72,248),(73,248),(74,248),(75,248),(76,248),(77,248),(78,248),(79,248),(80,248),(81,248),(82,248),(83,248),(84,248),(85,248),(86,248),(87,248),(88,248),(89,248),(90,248),(91,248),(92,248),(93,248),(94,248),(95,248),(96,248),(97,248),(98,248),(99,248),(100,248),(101,248),(102,248),(103,248),(104,248),(105,248),(106,248),(107,248),(108,248),(109,248),(110,248),(111,248),(112,248),(113,248),(114,248),(115,248),(116,248),(117,248),(118,248),(147,248),(129,249),(130,249),(131,249),(132,249),(133,249),(134,249),(135,249),(40,251),(41,251),(42,251),(43,251),(44,251),(45,251),(46,251),(47,251),(48,251),(49,251),(50,251),(51,251),(52,251),(53,251),(54,251),(55,251),(56,251),(57,251),(58,251),(59,251),(60,251),(40,252),(41,252),(42,252),(43,252),(44,252),(45,252),(46,252),(47,252),(48,252),(49,252),(50,252),(51,252),(52,252),(53,252),(54,252),(55,252),(56,252),(39,253),(242,254),(243,254),(244,254),(245,254),(246,254),(247,254),(248,254),(249,254),(250,254),(251,254),(252,254),(253,254),(254,254),(255,254),(256,254),(257,254);
/*!40000 ALTER TABLE `image_tags` ENABLE KEYS */;
UNLOCK TABLES;

--
-- Table structure for table `images`
--

DROP TABLE IF EXISTS `images`;
/*!40101 SET @saved_cs_client     = @@character_set_client */;
/*!50503 SET character_set_client = utf8mb4 */;
CREATE TABLE `images` (
  `id` int unsigned NOT NULL AUTO_INCREMENT COMMENT '图片唯一ID',
  `filename` varchar(255) COLLATE utf8mb4_unicode_ci NOT NULL COMMENT '原始文件名',
  `filepath` varchar(512) COLLATE utf8mb4_unicode_ci NOT NULL COMMENT '服务器存储路径',
  `filesize` int unsigned NOT NULL COMMENT '文件大小 (Bytes)',
  `source_url` varchar(1024) COLLATE utf8mb4_unicode_ci DEFAULT '' COMMENT '图片来源网址 (可选)',
  `file_hash` varchar(64) COLLATE utf8mb4_unicode_ci NOT NULL COMMENT '文件内容的SHA256哈希值',
  `width` int unsigned DEFAULT '0' COMMENT '图片宽度 (px)',
  `height` int unsigned DEFAULT '0' COMMENT '图片高度 (px)',
  `aspect_ratio` decimal(10,4) NOT NULL COMMENT '宽高比 (width/height)',
  `uploaded_at` timestamp NOT NULL DEFAULT CURRENT_TIMESTAMP COMMENT '上传时间',
  PRIMARY KEY (`id`),
  UNIQUE KEY `idx_filepath` (`filepath`),
  UNIQUE KEY `idx_file_hash` (`file_hash`),
  KEY `idx_aspect_ratio` (`aspect_ratio`)
) ENGINE=InnoDB AUTO_INCREMENT=371 DEFAULT CHARSET=utf8mb4 COLLATE=utf8mb4_unicode_ci COMMENT='图片信息表';
/*!40101 SET character_set_client = @saved_cs_client */;

--
-- Dumping data for table `images`
--

LOCK TABLES `images` WRITE;
/*!40000 ALTER TABLE `images` DISABLE KEYS */;
INSERT INTO `images` (`id`, `filename`, `filepath`, `filesize`, `source_url`, `file_hash`, `width`, `height`, `aspect_ratio`, `uploaded_at`) VALUES (37,'你好，世界_一行瑠璃_5fd7d2.jpg','images/你好世界/你好，世界_一行瑠璃_5fd7d2.jpg',2773857,'','19e576e6f8e646397371e3b39a6dc42aa703b049c0b0caf19ec109d190029b2d',1781,2500,0.7124,'2025-09-06 11:38:04'),(38,'你好，世界_一行瑠璃_5b93d4.png','images/你好世界/你好，世界_一行瑠璃_5b93d4.png',817774,'','b5f4b945873f4b57c1fa3ff024657844214950fc788205163d7fd3b6864ceb80',1488,1061,1.4025,'2025-09-06 11:39:15'),(39,'虽然是公会柜台小姐，但是因为讨厌加班所以要去单挑boss_0df01b.bmp','images/虽然是公会柜台小姐但是因为讨厌加班所以要去单挑boss/虽然是公会柜台小姐，但是因为讨厌加班所以要去单挑boss_0df01b.bmp',8294454,'','eaf6fb1773ae670b8d65bea468c43bfa6e9691b43a081c55ac9255383438fca5',1920,1080,1.7778,'2025-09-06 11:50:53'),(40,'契约之吻_木更_355915.jpg','images/契约之吻/契约之吻_木更_355915.jpg',760882,'','f62a203046efcd41911935dc8bde9e6eef58b7320a05818f99e1c0da59e3bb8d',1920,1080,1.7778,'2025-09-06 11:52:19'),(41,'契约之吻_木更_aa3da6.jpg','images/契约之吻/契约之吻_木更_aa3da6.jpg',634229,'','6f286f48b263cd3f92561977c76d4d3c8307f477fb8ba460b7d5cebf7f9c964f',1080,2340,0.4615,'2025-09-06 11:52:19'),(42,'契约之吻_木更_65bc73.jpg','images/契约之吻/契约之吻_木更_65bc73.jpg',867712,'','1de9f60d861a4818629178d6a8d57c0db2c87b62c3b55a8b8e55eac99d796de2',1080,2340,0.4615,'2025-09-06 11:52:19'),(43,'契约之吻_木更_d16d84.jpg','images/契约之吻/契约之吻_木更_d16d84.jpg',413328,'','6eb6ab6be919ac51ba13e08e60058e73938ce4c57b9787a5f22df4a1f568295f',1920,1080,1.7778,'2025-09-06 11:52:19'),(44,'契约之吻_木更_e22d07.jpg','images/契约之吻/契约之吻_木更_e22d07.jpg',345383,'','2069358505af3786f70f23eb28a7eb5667cbc0bb4508bbd3b2a388d6e9c77b68',1080,2340,0.4615,'2025-09-06 11:52:19'),(45,'契约之吻_木更_156eac.jpg','images/契约之吻/契约之吻_木更_156eac.jpg',669395,'','32e2aaa3eaf95f62b0489ee94fbfb2f8b7b7c8e847bcb60588b6cac86f7c515d',1920,1080,1.7778,'2025-09-06 11:52:19'),(46,'契约之吻_木更_791bd4.jpg','images/契约之吻/契约之吻_木更_791bd4.jpg',492330,'','821b6d842bf233da5554cc76feb656417069a42e5709a190e7b093c4588ca71e',1920,1080,1.7778,'2025-09-06 11:52:19'),(47,'契约之吻_木更_de54ae.png','images/契约之吻/契约之吻_木更_de54ae.png',309238,'','7c54448d4204993584788ed78161518985b6851b370cef968098271303c83fd6',880,1300,0.6769,'2025-09-06 11:52:19'),(48,'契约之吻_木更_56fc32.jpg','images/契约之吻/契约之吻_木更_56fc32.jpg',56518,'','cda47dbabe9e7dd2eb4ad3e17bca880ab90fd7c138aac96b13b46d31b799e6e1',400,400,1.0000,'2025-09-06 11:52:19'),(49,'契约之吻_木更_916e75.jpg','images/契约之吻/契约之吻_木更_916e75.jpg',51547,'','66728f5ea440dd8b73f940fe91a8b76c78f05922387cfdd440fb5185a72dda55',400,400,1.0000,'2025-09-06 11:52:19'),(50,'契约之吻_木更_ea08b3.jpg','images/契约之吻/契约之吻_木更_ea08b3.jpg',59757,'','653d20afd708183b3588f3fe6a24a2951d0989467bee0d5c5d39936065acad39',400,400,1.0000,'2025-09-06 11:52:19'),(51,'契约之吻_木更_37860f.jpg','images/契约之吻/契约之吻_木更_37860f.jpg',65284,'','7ea7ea7ce09aa781a072cf025beacd17582c302dde044acbc6528406460aca66',400,400,1.0000,'2025-09-06 11:52:19'),(52,'契约之吻_木更_eb0d04.jpg','images/契约之吻/契约之吻_木更_eb0d04.jpg',65019,'','1224430faa141c831fde043af1ad4555012f90d43d0f47e9a39c12d100dde9de',400,400,1.0000,'2025-09-06 11:52:19'),(53,'契约之吻_木更_cada79.jpg','images/契约之吻/契约之吻_木更_cada79.jpg',616523,'','af0bb492bb2ba8f6cac2bbeae1c4b4bbf55bc433a633c4079eca53e53079b171',1080,2340,0.4615,'2025-09-06 11:52:19'),(54,'契约之吻_木更_4053b8.jpg','images/契约之吻/契约之吻_木更_4053b8.jpg',932914,'','b76af72798e815276c50f20a0690d0894d9147d2dd502a05a391a6110aae7eed',1080,2340,0.4615,'2025-09-06 11:52:19'),(55,'契约之吻_木更_b69457.jpg','images/契约之吻/契约之吻_木更_b69457.jpg',974518,'','32c1961506c42e95716f98c49bf6f87e3d4cde7b1cae14b528caf0ad2aa65265',1920,1080,1.7778,'2025-09-06 11:52:19'),(56,'契约之吻_木更_b0fe29.jpg','images/契约之吻/契约之吻_木更_b0fe29.jpg',1586149,'','d052ee610388c477a9672bed8ad6d1695a96dc9ddca07b7543e65f1d1234df85',1080,2340,0.4615,'2025-09-06 11:52:19'),(57,'契约之吻_35628c.jpg','images/契约之吻/契约之吻_35628c.jpg',51653,'','ac50a73733882a0775b14d5f57dc41ed3a5472fd39c198c023cb70bf071ef15c',400,400,1.0000,'2025-09-06 11:52:42'),(58,'契约之吻_df52a1.jpg','images/契约之吻/契约之吻_df52a1.jpg',61513,'','276ea5e4ecfff6ffd87085244a442073265402a11245bc8068a61409bc40373b',400,400,1.0000,'2025-09-06 11:52:42'),(59,'契约之吻_d8961a.jpg','images/契约之吻/契约之吻_d8961a.jpg',924320,'','6599b7297460e5af4ad1003c16e82913225548c96d4b2173dcab05694d022786',1080,2340,0.4615,'2025-09-06 11:52:42'),(60,'契约之吻_69cd7d.jpg','images/契约之吻/契约之吻_69cd7d.jpg',57120,'','993e8a5519195458dac869420483f47b6cc4031b9853eae721a617fbfd761f7d',400,400,1.0000,'2025-09-06 11:52:42'),(61,'我的青春恋爱物语果然有问题_雪之下雪乃_b861f2.jpg','images/我的青春恋爱物语果然有问题/我的青春恋爱物语果然有问题_雪之下雪乃_b861f2.jpg',756080,'','b3672b85c70e1fdbb94ecf06ffda668564a585c03ff811781f8f1dfee99d4df6',1920,1080,1.7778,'2025-09-06 11:53:09'),(62,'我的青春恋爱物语果然有问题_雪之下雪乃_dd3312.jpg','images/我的青春恋爱物语果然有问题/我的青春恋爱物语果然有问题_雪之下雪乃_dd3312.jpg',1261553,'','abe2e0e846ab93621d2a8e721b10cbcf5c0db26e92884da7b4bd2a0c1e01a977',2118,2135,0.9920,'2025-09-06 11:53:09'),(63,'我的青春恋爱物语果然有问题_雪之下雪乃_df1dbb.jpg','images/我的青春恋爱物语果然有问题/我的青春恋爱物语果然有问题_雪之下雪乃_df1dbb.jpg',533911,'','28f41f90c59e756c110afe047e464d669438ca76f86e9a6dd7470e4413ee66ff',2048,1448,1.4144,'2025-09-06 11:53:09'),(64,'我的青春恋爱物语果然有问题_雪之下雪乃_3ac5bc.jpg','images/我的青春恋爱物语果然有问题/我的青春恋爱物语果然有问题_雪之下雪乃_3ac5bc.jpg',386710,'','1d519028f236f0acd10d0d0236648b51224dcd3f082c13ca850d276fb586b31a',1016,2048,0.4961,'2025-09-06 11:53:09'),(65,'我的青春恋爱物语果然有问题_雪之下雪乃_8387a8.jpg','images/我的青春恋爱物语果然有问题/我的青春恋爱物语果然有问题_雪之下雪乃_8387a8.jpg',135134,'','77020f49e185c7c9bb4d417b06a1854df6a11c18e69a423e90e2f137bcf84e8c',780,1100,0.7091,'2025-09-06 11:53:09'),(66,'我的青春恋爱物语果然有问题_雪之下雪乃_1acfd4.jpg','images/我的青春恋爱物语果然有问题/我的青春恋爱物语果然有问题_雪之下雪乃_1acfd4.jpg',376115,'','6e5cea4011de46c4668281ad6966d81c0326d2d71c9a3d8c2100c1d83c72246d',1920,1080,1.7778,'2025-09-06 11:53:09'),(67,'我的青春恋爱物语果然有问题_雪之下雪乃_7ebbe3.jpg','images/我的青春恋爱物语果然有问题/我的青春恋爱物语果然有问题_雪之下雪乃_7ebbe3.jpg',1314015,'','851879892b220d2701bef3f1634a6e395a0e7d9f37bdd8c3bc7b6e2125e55b47',2796,4000,0.6990,'2025-09-06 11:53:09'),(68,'我的青春恋爱物语果然有问题_雪之下雪乃_b9dbdb.png','images/我的青春恋爱物语果然有问题/我的青春恋爱物语果然有问题_雪之下雪乃_b9dbdb.png',1219084,'','338b08e141fe0deed6cbc5cf863ab1c9772e957e1dd7d1a250317e27699af879',1100,619,1.7771,'2025-09-06 11:53:09'),(69,'我的青春恋爱物语果然有问题_雪之下雪乃_c749e2.jpg','images/我的青春恋爱物语果然有问题/我的青春恋爱物语果然有问题_雪之下雪乃_c749e2.jpg',1880482,'','ee666c033b95e9a90035301dc975b63ff5b3985c2ca4d96bba8307d742d968be',2868,4000,0.7170,'2025-09-06 11:53:09'),(70,'败北女角太多了！_八奈见杏菜_e3bcc5.png','images/败北女角太多了/败北女角太多了！_八奈见杏菜_e3bcc5.png',681194,'','eb1e463509ffd0b0f7cd8aa30df092e02f4e17cb6ef9771a44cc35bb1b1e8dab',1080,1080,1.0000,'2025-09-06 11:54:22'),(71,'败北女角太多了！_八奈见杏菜_7a0e7e.jpg','images/败北女角太多了/败北女角太多了！_八奈见杏菜_7a0e7e.jpg',189269,'','d68c042b6be9c1d87bdd3b9a64b6e61935201e2a33a3c73f81e9df7fc1827c19',1920,1080,1.7778,'2025-09-06 11:54:22'),(72,'败北女角太多了！_八奈见杏菜_d348ca.jpg','images/败北女角太多了/败北女角太多了！_八奈见杏菜_d348ca.jpg',95749,'','009d1f3bc8b8ee3277d61b5333d71976f93bf7d35922e68281c67ac37d1c8a84',1200,675,1.7778,'2025-09-06 11:54:22'),(73,'败北女角太多了！_八奈见杏菜_555c6f.png','images/败北女角太多了/败北女角太多了！_八奈见杏菜_555c6f.png',784533,'','9b039b1d3d084fd0b041e6be987fb1358470d28bb03cde8e0f7164a19d0d8ac6',1038,1038,1.0000,'2025-09-06 11:54:22'),(74,'败北女角太多了！_八奈见杏菜_c3f26d.jpg','images/败北女角太多了/败北女角太多了！_八奈见杏菜_c3f26d.jpg',195610,'','dfef2f366e447e8f17f7fcba4797042d061ab081a3f76efb8e34d88386fb1d29',1920,1080,1.7778,'2025-09-06 11:54:22'),(75,'败北女角太多了！_八奈见杏菜_35860d.jpg','images/败北女角太多了/败北女角太多了！_八奈见杏菜_35860d.jpg',581375,'','bbbb02b1c9ce7f8b9fe9a86784ba041ece527190fc371319a79b953b1a30f6e4',1920,1080,1.7778,'2025-09-06 11:54:22'),(76,'败北女角太多了！_八奈见杏菜_73cd2a.jpg','images/败北女角太多了/败北女角太多了！_八奈见杏菜_73cd2a.jpg',777445,'','20a6a67cb785b01582e12c0d024eac507bd2b50e06128d99662e8dbb734054a1',1428,1716,0.8322,'2025-09-06 11:54:22'),(77,'败北女角太多了！_八奈见杏菜_b0321a.jpg','images/败北女角太多了/败北女角太多了！_八奈见杏菜_b0321a.jpg',64489,'','16e7eab79a77a1420c036ef6694b1cfd689a2514d67e0d56f88264765bfb6824',800,450,1.7778,'2025-09-06 11:54:22'),(78,'败北女角太多了！_八奈见杏菜_f53450.jpg','images/败北女角太多了/败北女角太多了！_八奈见杏菜_f53450.jpg',562245,'','a7b720eabdd32bb3dab7829a7c7e993165207fd0289af4d0f52bc1e6b985aef6',2471,4096,0.6033,'2025-09-06 11:54:22'),(79,'败北女角太多了！_八奈见杏菜_e0bc9d.jpg','images/败北女角太多了/败北女角太多了！_八奈见杏菜_e0bc9d.jpg',152632,'','872d3b8c24cec60dc6af130955325c3cb195e6c62a4f4b66c1ccafec40854ca0',2048,1192,1.7181,'2025-09-06 11:54:22'),(80,'败北女角太多了！_八奈见杏菜_6f84f2.jpg','images/败北女角太多了/败北女角太多了！_八奈见杏菜_6f84f2.jpg',931087,'','cdaee8749c304aa2ff55de9e740ce713e5ad29175d13866c838d9470ae41b96d',1123,1200,0.9358,'2025-09-06 11:54:22'),(81,'败北女角太多了！_八奈见杏菜_527dd8.jpg','images/败北女角太多了/败北女角太多了！_八奈见杏菜_527dd8.jpg',658386,'','ebc04873a69e27bb22f5d0f374748fa486947a32bf870f34be28208cbc14b56e',851,1200,0.7092,'2025-09-06 11:54:22'),(82,'败北女角太多了！_八奈见杏菜_822b1a.jpg','images/败北女角太多了/败北女角太多了！_八奈见杏菜_822b1a.jpg',655981,'','26c325d2658606918f9f41f351bd5f8778a77ede485d401b3927a320507d88f3',851,1200,0.7092,'2025-09-06 11:54:22'),(83,'败北女角太多了！_八奈见杏菜_640360.jpg','images/败北女角太多了/败北女角太多了！_八奈见杏菜_640360.jpg',668385,'','9a49a8eb7dd81e4e0cff8c7a8c94111ada30c6858fccae539d5dca5b240c6c8c',1200,674,1.7804,'2025-09-06 11:54:22'),(84,'败北女角太多了！_八奈见杏菜_4eb3e8.jpg','images/败北女角太多了/败北女角太多了！_八奈见杏菜_4eb3e8.jpg',715346,'','28952234922ba36b4343e3cffac0a049e0b244a72e9bb2c53256c100bfd3830c',827,1169,0.7074,'2025-09-06 11:54:22'),(85,'败北女角太多了！_八奈见杏菜_bdfcd4.png','images/败北女角太多了/败北女角太多了！_八奈见杏菜_bdfcd4.png',794654,'','9cbaf841cddd1240299dba149d370e229e8f2e2f3d981e6b4a6539f59cd40583',1500,1875,0.8000,'2025-09-06 11:54:22'),(86,'败北女角太多了！_八奈见杏菜_b14034.jpg','images/败北女角太多了/败北女角太多了！_八奈见杏菜_b14034.jpg',336959,'','69ad72f4ad82c0c6bf0059ba0188d57d831a0fa6904e5dda99ffe1bf1dc3b285',1399,1996,0.7009,'2025-09-06 11:54:22'),(87,'败北女角太多了！_八奈见杏菜_8d8f86.png','images/败北女角太多了/败北女角太多了！_八奈见杏菜_8d8f86.png',3087,'','7a24a0f99d47d797cfac9c41ff78aa3ab3592a752827ddae23b106f71dd74e16',64,64,1.0000,'2025-09-06 11:54:23'),(88,'败北女角太多了！_八奈见杏菜_ede7e2.jpg','images/败北女角太多了/败北女角太多了！_八奈见杏菜_ede7e2.jpg',80217,'','742031393f1b55f59e61ea78a9a3eb85498005aca198a57a5687253bca290bdb',904,875,1.0331,'2025-09-06 11:54:23'),(89,'败北女角太多了！_八奈见杏菜_99c57d.jpg','images/败北女角太多了/败北女角太多了！_八奈见杏菜_99c57d.jpg',321976,'','6e64574502e7ee8ded3e520a2791344bd812915ee05cf250b1621aa8f217d67a',1240,1754,0.7070,'2025-09-06 11:54:23'),(90,'败北女角太多了！_八奈见杏菜_e1633e.png','images/败北女角太多了/败北女角太多了！_八奈见杏菜_e1633e.png',240937,'','f6dd4f2823a04ae546ca5ac5294224c8c6ad75b8345546e62a05be0c51322f45',400,400,1.0000,'2025-09-06 11:54:23'),(91,'败北女角太多了！_八奈见杏菜_69fdb0.png','images/败北女角太多了/败北女角太多了！_八奈见杏菜_69fdb0.png',212101,'','986e7a8e976d80ac9e1061351cb04c5692dcddef3f404c890b01d509947fb1e9',400,400,1.0000,'2025-09-06 11:54:23'),(92,'败北女角太多了！_八奈见杏菜_298e2b.png','images/败北女角太多了/败北女角太多了！_八奈见杏菜_298e2b.png',295800,'','bd3fefbbd62525730ceacac7e319d9fa4342362881a71135753de0cb57df9412',386,1135,0.3401,'2025-09-06 11:54:23'),(93,'败北女角太多了！_八奈见杏菜_583b07.png','images/败北女角太多了/败北女角太多了！_八奈见杏菜_583b07.png',6520,'','2ff8f6ae1b34fa4ff7ed69255a8a0a414141720f6517d2510d2d90f43004657e',885,35,25.2857,'2025-09-06 11:54:23'),(94,'败北女角太多了！_八奈见杏菜_a81038.png','images/败北女角太多了/败北女角太多了！_八奈见杏菜_a81038.png',23964,'','fd32437815899a25e81604bee506b1f272c84d0566aa16a3183f888773dc2a79',392,216,1.8148,'2025-09-06 11:54:23'),(95,'败北女角太多了！_八奈见杏菜_c3d45f.png','images/败北女角太多了/败北女角太多了！_八奈见杏菜_c3d45f.png',127604,'','85746a45ac2caba414e564ff11eb2a216c87d02a840d7c43d8991cc6f09ac162',480,640,0.7500,'2025-09-06 11:54:23'),(96,'败北女角太多了！_八奈见杏菜_a98aa5.png','images/败北女角太多了/败北女角太多了！_八奈见杏菜_a98aa5.png',103666,'','d60ab3184d13f4e597b70e0b2580e278b4e4d0afed061fbf769972df3886f2c4',480,640,0.7500,'2025-09-06 11:54:23'),(97,'败北女角太多了！_八奈见杏菜_aad1cc.png','images/败北女角太多了/败北女角太多了！_八奈见杏菜_aad1cc.png',112213,'','ac5daa799bff7b238557cd1d2f2a4062f0bba6c10291674f9563a0ffdfb6d1af',480,640,0.7500,'2025-09-06 11:54:23'),(98,'败北女角太多了！_八奈见杏菜_47896a.png','images/败北女角太多了/败北女角太多了！_八奈见杏菜_47896a.png',111580,'','8ea500e35e5bb9931ba8acc4417d416682f5604984960ceca185bdf911c0b45d',480,640,0.7500,'2025-09-06 11:54:23'),(99,'败北女角太多了！_八奈见杏菜_0528c0.png','images/败北女角太多了/败北女角太多了！_八奈见杏菜_0528c0.png',93843,'','e568f46ddc10cfbc129e2fab83942ac61010977ce11e645c4f7c082f502e077c',480,640,0.7500,'2025-09-06 11:54:23'),(100,'败北女角太多了！_八奈见杏菜_36d6b1.jpg','images/败北女角太多了/败北女角太多了！_八奈见杏菜_36d6b1.jpg',107426,'','c62315e984772b100408f98e422bae825918a9da475d3ac52c5451231a252961',519,702,0.7393,'2025-09-06 11:54:23'),(101,'败北女角太多了！_八奈见杏菜_83db4c.jpg','images/败北女角太多了/败北女角太多了！_八奈见杏菜_83db4c.jpg',123207,'','afac294c80bce23fc31babc50dc8f5e08591643de6dc5f5ecd4a60a47f9a72ac',785,1200,0.6542,'2025-09-06 11:54:23'),(102,'败北女角太多了！_八奈见杏菜_76710d.gif','images/败北女角太多了/败北女角太多了！_八奈见杏菜_76710d.gif',304210,'','ed123d26322a92b17c61773d4dcd49f85fb8467df13690618c741efdd4b930e0',400,528,0.7576,'2025-09-06 11:54:23'),(103,'败北女角太多了！_八奈见杏菜_ee5812.JPEG','images/败北女角太多了/败北女角太多了！_八奈见杏菜_ee5812.JPEG',301765,'','00d7e80fb6a76a78b576919c2a4667ea3081b09482c957d836ab004952da122e',1200,460,2.6087,'2025-09-06 11:54:23'),(104,'败北女角太多了！_八奈见杏菜_032784.jpg','images/败北女角太多了/败北女角太多了！_八奈见杏菜_032784.jpg',1030107,'','759501732293dda3d256bc371a224dafa1909f76ec843d4694565b2fe5987b6d',1200,675,1.7778,'2025-09-06 11:54:23'),(105,'败北女角太多了！_八奈见杏菜_b7de6c.jpg','images/败北女角太多了/败北女角太多了！_八奈见杏菜_b7de6c.jpg',193288,'','9ac6e94beb437350ca09d1fb033a34040de856846a0c1ff7aa2d010ea6729f87',1920,1080,1.7778,'2025-09-06 11:54:23'),(106,'败北女角太多了！_八奈见杏菜_507ba4.jpg','images/败北女角太多了/败北女角太多了！_八奈见杏菜_507ba4.jpg',206644,'','c7f117aa880841b0397b3d9aff3e0bc2c467f6ed3e2f0fd34fffb034dd09974a',640,905,0.7072,'2025-09-06 11:54:23'),(107,'败北女角太多了！_八奈见杏菜_a99903.jpg','images/败北女角太多了/败北女角太多了！_八奈见杏菜_a99903.jpg',255043,'','fc6127496860431a8f808573e6b606d106622701530b3f5efbec354dd4bc16f2',1920,1080,1.7778,'2025-09-06 11:54:23'),(108,'败北女角太多了！_八奈见杏菜_4e82d9.png','images/败北女角太多了/败北女角太多了！_八奈见杏菜_4e82d9.png',1673109,'','77fc0fc8d6ea0ddd7c96cc8f5d35162da99d3ecadfe4ad703c820b413e3fcd68',2560,1440,1.7778,'2025-09-06 11:54:23'),(109,'败北女角太多了！_八奈见杏菜_fa9db6.jpg','images/败北女角太多了/败北女角太多了！_八奈见杏菜_fa9db6.jpg',1224549,'','2c6914b704b5f1e0087ed828df5b0f99db8d36d82861b571eafd6d1d7931ee34',4000,5507,0.7263,'2025-09-06 11:54:23'),(110,'败北女角太多了！_八奈见杏菜_586459.jpg','images/败北女角太多了/败北女角太多了！_八奈见杏菜_586459.jpg',1705391,'','71c46c37c4f36942e4a61496099e525d3b950cf90ec4bfaba282a06cf34f297f',2310,3496,0.6608,'2025-09-06 11:54:23'),(111,'败北女角太多了！_八奈见杏菜_be498e.jpg','images/败北女角太多了/败北女角太多了！_八奈见杏菜_be498e.jpg',1089278,'','2df1792f88f13d65288cb8cf5d52a72af90f31bf0b786dfc1a345df38543efca',1080,2340,0.4615,'2025-09-06 11:54:23'),(112,'败北女角太多了！_八奈见杏菜_b398b3.jpg','images/败北女角太多了/败北女角太多了！_八奈见杏菜_b398b3.jpg',1254429,'','262751df0041fd3402b1ad80164a4de909bf05fe99ad56c00648732492f2a2fc',1080,2340,0.4615,'2025-09-06 11:54:23'),(113,'败北女角太多了！_八奈见杏菜_ce1d2e.jpg','images/败北女角太多了/败北女角太多了！_八奈见杏菜_ce1d2e.jpg',1280359,'','83f21f799f6c624734f2aab8047d33fdfbd4066b537e3b4928563b6290421400',1080,2340,0.4615,'2025-09-06 11:54:23'),(114,'败北女角太多了！_八奈见杏菜_4442f6.jpg','images/败北女角太多了/败北女角太多了！_八奈见杏菜_4442f6.jpg',1804531,'','edac6e573094336a10be97f108efdae3fc043f9194524920861c0bbad8087680',1948,2334,0.8346,'2025-09-06 11:54:23'),(115,'败北女角太多了！_八奈见杏菜_4ad4c1.png','images/败北女角太多了/败北女角太多了！_八奈见杏菜_4ad4c1.png',1898061,'','4f8d3ffeda8c18ffbc0da8b1811392f48d755ef27b0a6ec4376b3453c14b3c3a',1440,1080,1.3333,'2025-09-06 11:54:23'),(116,'败北女角太多了！_八奈见杏菜_358c19.png','images/败北女角太多了/败北女角太多了！_八奈见杏菜_358c19.png',1881871,'','81a777671165242b2a8994bf2f78b6490fab39d831821f8a2c10cd587d0c199d',1080,1528,0.7068,'2025-09-06 11:54:24'),(117,'败北女角太多了！_八奈见杏菜_b2dc2b.png','images/败北女角太多了/败北女角太多了！_八奈见杏菜_b2dc2b.png',1924044,'','4fd7b4a82b8d11108cead0a351c17941bf90b856d6422c40a76a309e485cf786',1080,1528,0.7068,'2025-09-06 11:54:24'),(118,'败北女角太多了！_八奈见杏菜_4d97e4.png','images/败北女角太多了/败北女角太多了！_八奈见杏菜_4d97e4.png',1986155,'','d6ab28157024e34887a7bf3d87249dde173cdefb653cbbbd2dfd9b64fd1d7119',1080,1528,0.7068,'2025-09-06 11:54:24'),(119,'败北女角太多了！_827965.png','images/败北女角太多了/败北女角太多了！_827965.png',170164,'','3a57769056798884a942635a0be6780ae12f2648cb272cdcb78a94ce30f1d068',400,400,1.0000,'2025-09-06 11:54:45'),(120,'败北女角太多了！_0bbba4.png','images/败北女角太多了/败北女角太多了！_0bbba4.png',184349,'','06207e6dca679e5ca3426fa91f8925efaf5a3269e4b84784eddfd68e9308710f',400,400,1.0000,'2025-09-06 11:54:45'),(121,'败北女角太多了！_1d06cc.jpg','images/败北女角太多了/败北女角太多了！_1d06cc.jpg',70608,'','ac78e152597f3258d36a19bca50291fe4e303a49dcf820050d36e8ead27818cb',400,400,1.0000,'2025-09-06 11:54:45'),(122,'败北女角太多了！_918d27.jpg','images/败北女角太多了/败北女角太多了！_918d27.jpg',482820,'','bbd27baa5bf4b5caeace361fe0f40cdab0497b6d18c98792116fc1b83b4680f3',1980,1080,1.8333,'2025-09-06 11:54:45'),(123,'败北女角太多了！_d8fe62.jpg','images/败北女角太多了/败北女角太多了！_d8fe62.jpg',514430,'','997f5681ccd98c6cc8aa44fb317edf2ad74083385091020e222b42680d00225c',1080,2340,0.4615,'2025-09-06 11:54:45'),(124,'败北女角太多了！_6c116d.jpg','images/败北女角太多了/败北女角太多了！_6c116d.jpg',482673,'','ab190bec5320510db5ae6cefda93b81aff7c2b4eddb17161b71bb3326cd342f1',1980,1080,1.8333,'2025-09-06 11:54:45'),(125,'败北女角太多了！_fc4d8c.jpg','images/败北女角太多了/败北女角太多了！_fc4d8c.jpg',409432,'','cc19537e585e06c15473228389461af8b7ac32134b0d7bf7f012786f72e08eb7',1980,1080,1.8333,'2025-09-06 11:54:45'),(126,'败北女角太多了！_35b2cb.jpg','images/败北女角太多了/败北女角太多了！_35b2cb.jpg',422628,'','dd28091e749f94ae960567cc1cabf9b1037d9c3e142c10dd681d3e4f690125ea',1980,1080,1.8333,'2025-09-06 11:54:45'),(127,'败北女角太多了！_308c48.jpg','images/败北女角太多了/败北女角太多了！_308c48.jpg',421387,'','129c21f28a21555e760cfb2480ceff6bcd69d3de986e4ad25c6b227f2b66a3d9',1980,1080,1.8333,'2025-09-06 11:54:45'),(128,'败北女角太多了！_e9cc29.jpg','images/败北女角太多了/败北女角太多了！_e9cc29.jpg',474262,'','59d33c8816cd3d93bdc6b48037bc6714587c94a01505b6d10566744dad212896',1080,2340,0.4615,'2025-09-06 11:54:45'),(129,'葬送的芙莉莲_64ccbf.png','images/葬送的芙莉莲/葬送的芙莉莲_64ccbf.png',229592,'','e06cc3e946f06feb92cbdaf68c9fff5f3de98c258b73664cec4713fef3724602',750,683,1.0981,'2025-09-06 11:55:16'),(130,'葬送的芙莉莲_4b193d.png','images/葬送的芙莉莲/葬送的芙莉莲_4b193d.png',199508,'','3e5c04cf9c37b7f3645138d16503e372a7029d381c2036b49184034fa91b94ea',750,683,1.0981,'2025-09-06 11:55:16'),(131,'葬送的芙莉莲_325e00.png','images/葬送的芙莉莲/葬送的芙莉莲_325e00.png',212697,'','df2c1ad1eafce1bc7823b96fa9db2cdfb41a13dd563ab4bf4c07c57350e829a6',750,683,1.0981,'2025-09-06 11:55:16'),(132,'葬送的芙莉莲_2c61cf.png','images/葬送的芙莉莲/葬送的芙莉莲_2c61cf.png',144333,'','41d87ce59fd495055d9ad93c8cb7da2dbd4fa6d967c69891ee228c47f4ddc084',750,683,1.0981,'2025-09-06 11:55:16'),(133,'葬送的芙莉莲_36550a.png','images/葬送的芙莉莲/葬送的芙莉莲_36550a.png',176199,'','5fdecd02758f9f0ac0324e640aadaaef820ef149dc79499f8d7fa474e5328872',750,683,1.0981,'2025-09-06 11:55:16'),(134,'葬送的芙莉莲_f1ca0b.png','images/葬送的芙莉莲/葬送的芙莉莲_f1ca0b.png',210017,'','c33aa130be99acbf18f5a9b2b92f287771febef37f8f708ec6756673b32d09dc',750,683,1.0981,'2025-09-06 11:55:17'),(135,'葬送的芙莉莲_c46cd9.jpg','images/葬送的芙莉莲/葬送的芙莉莲_c46cd9.jpg',2223988,'','b797f754e1c765c6a219ab324f2161f1e2fcedcd26ab6142b0f54d363db482a8',4500,3048,1.4764,'2025-09-06 11:55:17'),(136,'天使的心跳_1d8bc0.png','images/天使的心跳/天使的心跳_1d8bc0.png',329589,'','bb26df4f9114b9fbcacdf00fc784582bc6d799ccdf847642c8fdedff5091847c',480,940,0.5106,'2025-09-06 11:55:32'),(137,'atri_-my_dear_moments-_亚托莉_79ac74.png','images/atri_-my_dear_moments-/atri_-my_dear_moments-_亚托莉_79ac74.png',289574,'','63744158d0812cf430c9612e48402851ae144603a6cb53fb6a9d6e629a3ab3eb',721,974,0.7402,'2025-09-06 11:55:52'),(138,'atri_-my_dear_moments-_亚托莉_113c93.png','images/atri_-my_dear_moments-/atri_-my_dear_moments-_亚托莉_113c93.png',336234,'','8d0565f340aecca561c31dce99e03ae688282720e96d8eb4b4daf4cd2797c467',720,974,0.7392,'2025-09-06 11:55:52'),(139,'夏洛特_c3685a.jpg','images/夏洛特/夏洛特_c3685a.jpg',6570,'','115e570a5d648c5667e3322d554c5e2ac9ac38ead50d28a2e77d27d8b02b0c92',236,55,4.2909,'2025-09-06 11:56:07'),(140,'夏洛特_友利奈绪_494ed2.png','images/夏洛特/夏洛特_友利奈绪_494ed2.png',103986,'','7ea9d0a7e351c695dc624e233210ddc87c7c016b50c3d4a525a89ebcbb8cdedd',194,624,0.3109,'2025-09-06 11:56:07'),(141,'你好，世界_f9f2b8.jpg','images/你好世界/你好，世界_f9f2b8.jpg',33545,'','53ea59a5e57681034939f5e64cd7d47dbbfc34fc4aedc891a401fa1e33d5ae87',1181,479,2.4656,'2025-09-06 11:56:20'),(142,'夏日口袋_鸣濑白羽_500660.png','images/夏日口袋/夏日口袋_鸣濑白羽_500660.png',149882,'','25d7ae40580fcbdf14009c97268c196aa037a54a63f7b83acb57022774266a79',542,742,0.7305,'2025-09-06 11:56:53'),(143,'出包王女_1d7791.jpg','images/出包王女/出包王女_1d7791.jpg',12417,'','d971171e724b0737357ff3a9bbee587f5e434a51f890d696376ad9b4726ef6b7',189,86,2.1977,'2025-09-06 11:57:08'),(144,'出包王女_071fc5.bmp','images/出包王女/出包王女_071fc5.bmp',8294454,'','8c693eb94dd44d3105df6b0e8fea2a6e81d50fb564a7731f9eb253157efd130b',1920,1080,1.7778,'2025-09-06 11:57:08'),(145,'埃罗芒阿老师_和泉纱雾_508bd1.jpg','images/埃罗芒阿老师/埃罗芒阿老师_和泉纱雾_508bd1.jpg',364728,'','85b5404c84ab39d03e5861905c6e979ac361c01793e2029550a4f631c43dba10',3336,4448,0.7500,'2025-09-06 11:57:25'),(146,'这个美术社大有问题！_宇佐美瑞希_c882fa.png','images/这个美术社大有问题/这个美术社大有问题！_宇佐美瑞希_c882fa.png',35907,'','308b8d524a02a9e073ecdca31c853a3a9762b2948f8eb87bc7a7c6ed4da5280f',269,744,0.3616,'2025-09-06 11:58:28'),(147,'这个美术社大有问题！_宇佐美瑞希_败北女角太多了！_八奈见杏菜_da31b4.jpg','images/这个美术社大有问题/这个美术社大有问题！_宇佐美瑞希_败北女角太多了！_八奈见杏菜_da31b4.jpg',180248,'','fd9bed60900d086413d1804412ebc3d0ef825c64254a7c4d721cee0d0262e1c0',1200,940,1.2766,'2025-09-06 11:58:28'),(148,'请问您今天要来点兔子吗？_a9e869.png','images/请问您今天要来点兔子吗/请问您今天要来点兔子吗？_a9e869.png',2052507,'','777623a9878dcd5430aaeb7004da4ccc27d75809786b11a872ba6aa2035e42f8',768,2048,0.3750,'2025-09-06 11:58:50'),(149,'请问您今天要来点兔子吗？_e1d5e2.png','images/请问您今天要来点兔子吗/请问您今天要来点兔子吗？_e1d5e2.png',2097212,'','274b55290fdce4cc860a6b03cd89855410e0d02f8242b38cc887ac426403b13d',768,2048,0.3750,'2025-09-06 11:58:50'),(150,'鹿乃子乃子乃子虎视眈眈_dad229.png','images/鹿乃子乃子乃子虎视眈眈/鹿乃子乃子乃子虎视眈眈_dad229.png',87522,'','b6b1b7ca0dcd7bb0f0f4d4efa20929167ea8acd468019f486de529b6615fff74',560,1388,0.4035,'2025-09-06 11:59:06'),(151,'鹿乃子乃子乃子虎视眈眈_41a625.png','images/鹿乃子乃子乃子虎视眈眈/鹿乃子乃子乃子虎视眈眈_41a625.png',84405,'','09f888c8b7cafd586f9d3a1107398a768afb1d05f04effc9d37bf404000ea8f2',560,1388,0.4035,'2025-09-06 11:59:06'),(152,'家里蹲吸血姬的苦闷_09c568.jpg','images/家里蹲吸血姬的苦闷/家里蹲吸血姬的苦闷_09c568.jpg',258547,'','96469ab9a24eb8284ce38a9ee96311d54cf33a58287405493f9fb814be033cc8',580,580,1.0000,'2025-09-06 11:59:24'),(153,'家里蹲吸血姬的苦闷_8cb432.jpg','images/家里蹲吸血姬的苦闷/家里蹲吸血姬的苦闷_8cb432.jpg',155047,'','47dd7d646031f3b8766ca7a8686ac8e2b36f27ef263bb184b1dadd002d36cbde',724,874,0.8284,'2025-09-06 11:59:24'),(154,'家里蹲吸血姬的苦闷_d43a94.png','images/家里蹲吸血姬的苦闷/家里蹲吸血姬的苦闷_d43a94.png',522734,'','2af7bef50636651b333fd8e5b6a55f0e779e910f52b9434048a8b270ee00878e',804,1465,0.5488,'2025-09-06 11:59:24'),(155,'家里蹲吸血姬的苦闷_215f13.png','images/家里蹲吸血姬的苦闷/家里蹲吸血姬的苦闷_215f13.png',487378,'','ff37c57f9e81d2446daf11a29f0c7c990256931dbd3973e933f73fe917641a5d',804,1465,0.5488,'2025-09-06 11:59:24'),(156,'家里蹲吸血姬的苦闷_96cf44.png','images/家里蹲吸血姬的苦闷/家里蹲吸血姬的苦闷_96cf44.png',656449,'','31ca47eadcdfad4dea9d2c6e8d0d9ffee56395f4fe4459d72f147ece1c4840f6',804,1465,0.5488,'2025-09-06 11:59:24'),(157,'家里蹲吸血姬的苦闷_d3cfc1.png','images/家里蹲吸血姬的苦闷/家里蹲吸血姬的苦闷_d3cfc1.png',852654,'','44be6e3ff17820ecf14109af2e3474e8ba0a7af4d37953ddb66b3ceae5a97584',804,1465,0.5488,'2025-09-06 11:59:24'),(158,'不正经的魔术讲师与禁忌教典_西丝蒂娜·席贝尔_1a19a6.jpg','images/不正经的魔术讲师与禁忌教典/不正经的魔术讲师与禁忌教典_西丝蒂娜·席贝尔_1a19a6.jpg',316603,'','a688389fe22da3fac948d542a5cca2b08f4cb1c109d249d4b1b3723fafb8615f',700,1137,0.6157,'2025-09-06 11:59:37'),(159,'不正经的魔术讲师与禁忌教典_西丝蒂娜·席贝尔_37948c.jpg','images/不正经的魔术讲师与禁忌教典/不正经的魔术讲师与禁忌教典_西丝蒂娜·席贝尔_37948c.jpg',614438,'','dfdb98889d5d31fcd68e8476776bdde9c1492eb3c252bc3e0e111cac7c2c9cc1',800,1149,0.6963,'2025-09-06 11:59:37'),(160,'不起眼女主角培育法_加藤惠_48d081.png','images/不起眼女主角培育法/不起眼女主角培育法_加藤惠_48d081.png',166998,'','69c6927ebdfc4bfe820a3df31270c34755162723771660d423545db3531c4907',459,1139,0.4030,'2025-09-06 12:00:18'),(161,'不起眼女主角培育法_加藤惠_9e89d7.png','images/不起眼女主角培育法/不起眼女主角培育法_加藤惠_9e89d7.png',69469,'','0109b4f7c099dc34f34536640f901c508aa726985c4439d3972ce8ec2271382c',417,647,0.6445,'2025-09-06 12:00:19'),(162,'不起眼女主角培育法_87147b.png','images/不起眼女主角培育法/不起眼女主角培育法_87147b.png',237827,'','be2ddc17399f94547ea9d574bc0e939ab8609a0127af3426657e7c9681fb85e6',459,1139,0.4030,'2025-09-06 12:00:19'),(163,'不起眼女主角培育法_加藤惠_35c2cc.gif','images/不起眼女主角培育法/不起眼女主角培育法_加藤惠_35c2cc.gif',741756,'','745eb74aeded455ecfb8f7c032a52d28ea4597b5f3ac91e5015ea08c9650ff7c',275,155,1.7742,'2025-09-06 12:00:19'),(164,'不起眼女主角培育法_加藤惠_58a480.gif','images/不起眼女主角培育法/不起眼女主角培育法_加藤惠_58a480.gif',1109922,'','cc8b037da00ca1aa81c10991a0eeb6df1156c2aa387a8117319ee9f39a04eaa5',275,155,1.7742,'2025-09-06 12:00:19'),(165,'不起眼女主角培育法_5e1dd7.png','images/不起眼女主角培育法/不起眼女主角培育法_5e1dd7.png',294943,'','861b4ae34531d22c1bdb8afb6f11763e6dd3c57fd3d4ef0f495891671f4773d5',459,1139,0.4030,'2025-09-06 12:00:19'),(166,'精灵幻想记_56822e.png','images/精灵幻想记/精灵幻想记_56822e.png',462639,'','5892add8aab9ed12e72d178f35b75f2df70bf70abd81731ca2c50d91d63ba110',768,1230,0.6244,'2025-09-06 12:00:38'),(167,'精灵幻想记_706c3b.webp','images/精灵幻想记/精灵幻想记_706c3b.webp',79696,'','730d059d6feaef36eb1c01fef6225bab7b002968d9100dc2ac4b908b22538f9a',597,954,0.6258,'2025-09-06 12:00:38'),(168,'精灵幻想记_1fcf4c.png','images/精灵幻想记/精灵幻想记_1fcf4c.png',328039,'','9b96a8e365ce95ef84f1ffe3b9758d3f38ee37336ff969672081ac910f36335d',768,1511,0.5083,'2025-09-06 12:00:38'),(169,'精灵幻想记_a7332d.webp','images/精灵幻想记/精灵幻想记_a7332d.webp',58944,'','fa37740df55bc343bc17925403aa59bd763d37bd8fd3ccb9ac95f796692946c5',501,1062,0.4718,'2025-09-06 12:00:38'),(170,'精灵幻想记_6c90fc.png','images/精灵幻想记/精灵幻想记_6c90fc.png',356587,'','c81de3829e2715daf862caa3a9d53abfb305db7bc54bb3985c41f65b239a05c3',768,1311,0.5858,'2025-09-06 12:00:38'),(171,'精灵幻想记_d1bdc5.png','images/精灵幻想记/精灵幻想记_d1bdc5.png',360753,'','99ff979925379e14c61b694cc274ae58befc1a58ed80cd67aa418848b753e321',768,1311,0.5858,'2025-09-06 12:00:38'),(172,'精灵幻想记_e8c707.png','images/精灵幻想记/精灵幻想记_e8c707.png',373726,'','d03fcdff9361366265fcb6933a492eaa9000b735df7c31629dac97cecfff5ce7',768,1416,0.5424,'2025-09-06 12:00:38'),(173,'精灵幻想记_9daeee.webp','images/精灵幻想记/精灵幻想记_9daeee.webp',51708,'','c43272a64029390315add6e2dab99e88eb545ce4093fd0cb4a609d4646eb8a80',491,941,0.5218,'2025-09-06 12:00:39'),(174,'精灵幻想记_76a514.webp','images/精灵幻想记/精灵幻想记_76a514.webp',61670,'','58f328c78da54878c027ca0036c07d265856844af79ec42bd28cddb901f0fb77',470,1001,0.4695,'2025-09-06 12:00:39'),(175,'精灵幻想记_39f2a7.webp','images/精灵幻想记/精灵幻想记_39f2a7.webp',48370,'','84063818913c24335ee488213bee90cad290cdb58c38e84c855246b7a6e44b50',341,1100,0.3100,'2025-09-06 12:00:39'),(176,'精灵幻想记_4b927b.webp','images/精灵幻想记/精灵幻想记_4b927b.webp',69028,'','20a3974821189a4b1ead579e904b6dd8f1864ce7ed83fd4f78c4395766cf6e5a',414,1007,0.4111,'2025-09-06 12:00:39'),(177,'精灵幻想记_eaed84.webp','images/精灵幻想记/精灵幻想记_eaed84.webp',57118,'','c71082209ffbfb97327ac747457646e4e13bfc257ee6156b12d92e9c81549098',396,972,0.4074,'2025-09-06 12:00:39'),(178,'精灵幻想记_bef801.png','images/精灵幻想记/精灵幻想记_bef801.png',517917,'','42558b24642e2b857a1bed1b223e4147c94e649bcb72d04428f0d1b4e739b88c',768,1499,0.5123,'2025-09-06 12:00:39'),(179,'精灵幻想记_349704.png','images/精灵幻想记/精灵幻想记_349704.png',488766,'','f2ddde74debf4b2461d5d5b4d3079206624e84bda606d21c081843e79fb99a3b',768,1377,0.5577,'2025-09-06 12:00:39'),(180,'式守同学不只可爱而已_式守同学_b0e121.jpg','images/式守同学不只可爱而已/式守同学不只可爱而已_式守同学_b0e121.jpg',181847,'','cc22e56e9104ac23288e5a7f165f7e84eb52d278b1a8ad855d4d1b62fc86c788',500,1307,0.3826,'2025-09-06 12:00:50'),(181,'满怀美梦的少年是现实主义者_夏川爱华_505d47.png','images/满怀美梦的少年是现实主义者/满怀美梦的少年是现实主义者_夏川爱华_505d47.png',204389,'','856ca5b0273e0292a97911b2ef4ef7fcf5e97af3e2358e1d6eb09fa34231b481',610,1109,0.5500,'2025-09-06 12:01:21'),(182,'满怀美梦的少年是现实主义者_夏川爱华_33a77e.jpg','images/满怀美梦的少年是现实主义者/满怀美梦的少年是现实主义者_夏川爱华_33a77e.jpg',68079,'','93a5345e18807080d7c654c74b64afc41116c53254a1b647cd0b6d54f56745e5',600,338,1.7751,'2025-09-06 12:01:21'),(183,'满怀美梦的少年是现实主义者_夏川爱华_5ad9c7.jpg','images/满怀美梦的少年是现实主义者/满怀美梦的少年是现实主义者_夏川爱华_5ad9c7.jpg',59117,'','61edaf3a5f5436ba0b30a589131c5dfbf1e795aa35a2e54829ecb2e9690b52dd',300,300,1.0000,'2025-09-06 12:01:21'),(184,'满怀美梦的少年是现实主义者_夏川爱华_5cdbe6.jpg','images/满怀美梦的少年是现实主义者/满怀美梦的少年是现实主义者_夏川爱华_5cdbe6.jpg',426624,'','69466849161395ff1f7b4c7c7d64d172ce48faef27b2a4dc3c05c08d423c4507',1400,1990,0.7035,'2025-09-06 12:01:21'),(185,'满怀美梦的少年是现实主义者_夏川爱华_13857b.jpg','images/满怀美梦的少年是现实主义者/满怀美梦的少年是现实主义者_夏川爱华_13857b.jpg',63728,'','b6b286e8040e87d9ed2f891dbf15bcce4259b1238b1c81d6f42baee9f9293845',300,300,1.0000,'2025-09-06 12:01:21'),(186,'我心里危险的东西_山田杏奈_a2f6d4.png','images/我心里危险的东西/我心里危险的东西_山田杏奈_a2f6d4.png',2422172,'','0b9493d9490bf629f6ccdf3dff1132b0d9dd791fd277f7e7c7142b3174a18ac9',1920,1080,1.7778,'2025-09-06 12:01:38'),(187,'我心里危险的东西_山田杏奈_674120.png','images/我心里危险的东西/我心里危险的东西_山田杏奈_674120.png',3091383,'','d3bea2d3059c09252ce65be304f18c8a6efde3581d063f4eec90f9dae2af4ad7',1310,2928,0.4474,'2025-09-06 12:01:38'),(188,'想哭的我戴上了猫的面具_8ee752.png','images/想哭的我戴上了猫的面具/想哭的我戴上了猫的面具_8ee752.png',19144,'','8483ed9c2c73f6c88b3c965746feec2601c89c89e4922554fc47a3a9c97b2882',564,204,2.7647,'2025-09-06 12:01:50'),(189,'岁月流逝饭菜依旧美味_d24e58.PNG','images/岁月流逝饭菜依旧美味/岁月流逝饭菜依旧美味_d24e58.PNG',36485,'','556f07821cf04fe9a7ceaa15ace2b236e248f23afe8e68c57ca95356aac87fa2',400,876,0.4566,'2025-09-06 12:02:30'),(190,'岁月流逝饭菜依旧美味_a858f0.PNG','images/岁月流逝饭菜依旧美味/岁月流逝饭菜依旧美味_a858f0.PNG',134139,'','5b14f1fd2f5ca925b59626b617ec4599e3f8bf4f383242356de14abe86e7aa86',1200,985,1.2183,'2025-09-06 12:02:30'),(191,'岁月流逝饭菜依旧美味_30498f.PNG','images/岁月流逝饭菜依旧美味/岁月流逝饭菜依旧美味_30498f.PNG',40257,'','17c67d3f0dc9a20dbf4284f89a2c3170aeac33abf91707745c6a0007496c60c9',400,876,0.4566,'2025-09-06 12:02:30'),(192,'岁月流逝饭菜依旧美味_fc1168.PNG','images/岁月流逝饭菜依旧美味/岁月流逝饭菜依旧美味_fc1168.PNG',130235,'','061902947fa956b8b2317420a47eef381dd571c5cf48be97c94eb9c25893e33d',1200,985,1.2183,'2025-09-06 12:02:30'),(193,'岁月流逝饭菜依旧美味_e7646e.PNG','images/岁月流逝饭菜依旧美味/岁月流逝饭菜依旧美味_e7646e.PNG',32140,'','a96644ea21cb969fb08b22dd280b7c3c35c2cff2bc1da1c43cdb523679d8608e',400,876,0.4566,'2025-09-06 12:02:30'),(194,'岁月流逝饭菜依旧美味_17cf05.PNG','images/岁月流逝饭菜依旧美味/岁月流逝饭菜依旧美味_17cf05.PNG',126936,'','7d4ab446dd3c7fede6dfa304d7457947a09f028c21052b7a968c7dc1896330db',1200,985,1.2183,'2025-09-06 12:02:30'),(195,'岁月流逝饭菜依旧美味_9fa1fe.PNG','images/岁月流逝饭菜依旧美味/岁月流逝饭菜依旧美味_9fa1fe.PNG',33570,'','cc3d274d78f05896f8d17bf1c63a3df2af4e7b21ea9da97198ebb39f5cdfae8d',400,876,0.4566,'2025-09-06 12:02:30'),(196,'岁月流逝饭菜依旧美味_87bcaa.PNG','images/岁月流逝饭菜依旧美味/岁月流逝饭菜依旧美味_87bcaa.PNG',120325,'','fed7071d15aeb58aa90291a3a533f074f336360a21c85fdf8f4c7f95f3c475ea',1200,985,1.2183,'2025-09-06 12:02:30'),(197,'岁月流逝饭菜依旧美味_d00dd9.PNG','images/岁月流逝饭菜依旧美味/岁月流逝饭菜依旧美味_d00dd9.PNG',32418,'','9ca3dd3ed9381c297ca80b2aa169c12528a83302a7a474648dd0c89da8740f9c',400,876,0.4566,'2025-09-06 12:02:30'),(198,'岁月流逝饭菜依旧美味_3e23c6.PNG','images/岁月流逝饭菜依旧美味/岁月流逝饭菜依旧美味_3e23c6.PNG',132037,'','c1023fa8b0f0c09509ac6b56c2055d8094af49d4336e4c459b3d54bc3c419015',1200,985,1.2183,'2025-09-06 12:02:30'),(199,'岁月流逝饭菜依旧美味_河合真子_87d592.jpg','images/岁月流逝饭菜依旧美味/岁月流逝饭菜依旧美味_河合真子_87d592.jpg',8449,'','6ed4c192cac6042d94616323227a4b7610340396c8d94bdac4fbb68332429fda',150,110,1.3636,'2025-09-06 12:02:47'),(200,'岁月流逝饭菜依旧美味_河合真子_d6f956.png','images/岁月流逝饭菜依旧美味/岁月流逝饭菜依旧美味_河合真子_d6f956.png',92269,'','9a90fa914664786ae166a9b937d1bc20ac1db21bd72fa7b8940f15ce0a945a8e',800,733,1.0914,'2025-09-06 12:02:47'),(201,'岁月流逝饭菜依旧美味_河合真子_7ae756.jpg','images/岁月流逝饭菜依旧美味/岁月流逝饭菜依旧美味_河合真子_7ae756.jpg',688803,'','2aea4fb8cfbb574e26fd785551e0af1bac288559108fbcb87de2b41c71476379',2000,2274,0.8795,'2025-09-06 12:02:47'),(202,'岁月流逝饭菜依旧美味_河合真子_acffec.jpg','images/岁月流逝饭菜依旧美味/岁月流逝饭菜依旧美味_河合真子_acffec.jpg',6313,'','92f0b7ca1e9c840c7b03f539846ef74dd9c3ad0acf326be8ac9b80ff25a7c960',150,110,1.3636,'2025-09-06 12:02:47'),(203,'岁月流逝饭菜依旧美味_河合真子_636821.jpg','images/岁月流逝饭菜依旧美味/岁月流逝饭菜依旧美味_河合真子_636821.jpg',7961,'','22b1eb3eb730035e13f7239b2b3062b60dcf5fe1e4b42d60adca6c1c8888f1db',150,110,1.3636,'2025-09-06 12:02:47'),(204,'岁月流逝饭菜依旧美味_河合真子_4eb65d.jpg','images/岁月流逝饭菜依旧美味/岁月流逝饭菜依旧美味_河合真子_4eb65d.jpg',7519,'','d593a445abfb5a396051bc4cd3a6b26be7c57089781bf65f11cc347b991a66a2',150,110,1.3636,'2025-09-06 12:02:47'),(205,'岁月流逝饭菜依旧美味_河合真子_1c46be.jpg','images/岁月流逝饭菜依旧美味/岁月流逝饭菜依旧美味_河合真子_1c46be.jpg',922991,'','aa58a29b04c81f584d4280d486aeb83663abef3123577966b8460ae2bfceed37',2000,2274,0.8795,'2025-09-06 12:02:47'),(206,'不时轻声地以俄语遮羞的邻座艾莉同学_44eaf7.png','images/不时轻声地以俄语遮羞的邻座艾莉同学/不时轻声地以俄语遮羞的邻座艾莉同学_44eaf7.png',228793,'','35bdfcc2a87fe7b1909ee7dd22a441eb339a4bf1b67cfbc9b7f3f038042a9847',350,897,0.3902,'2025-09-06 12:03:35'),(207,'不时轻声地以俄语遮羞的邻座艾莉同学_艾莉莎·米哈伊罗夫纳·九条_765bac.jpg','images/不时轻声地以俄语遮羞的邻座艾莉同学/不时轻声地以俄语遮羞的邻座艾莉同学_艾莉莎·米哈伊罗夫纳·九条_765bac.jpg',44677,'','d00cf42aeed459725f431f66398e2b1ea130960d5ebefba41a899753ecd3c051',400,400,1.0000,'2025-09-06 12:03:35'),(208,'不时轻声地以俄语遮羞的邻座艾莉同学_786de5.jpg','images/不时轻声地以俄语遮羞的邻座艾莉同学/不时轻声地以俄语遮羞的邻座艾莉同学_786de5.jpg',623910,'','5ac10c4465c0d40fccee77a317e81332d57c7178b480b6ee784364561c552cb1',1401,1751,0.8001,'2025-09-06 12:03:35'),(209,'不时轻声地以俄语遮羞的邻座艾莉同学_艾莉莎·米哈伊罗夫纳·九条_fd9603.png','images/不时轻声地以俄语遮羞的邻座艾莉同学/不时轻声地以俄语遮羞的邻座艾莉同学_艾莉莎·米哈伊罗夫纳·九条_fd9603.png',209360,'','6c649ae66bcec518247e9e171ecc45cf7e6c4dddddcc93a01c01c43c832bcf74',350,897,0.3902,'2025-09-06 12:03:35'),(210,'不时轻声地以俄语遮羞的邻座艾莉同学_3d516f.png','images/不时轻声地以俄语遮羞的邻座艾莉同学/不时轻声地以俄语遮羞的邻座艾莉同学_3d516f.png',183702,'','050fe92a4e6e1636cdacb2ffe92ea13f6098e1b1b1f3e0d47a5af00ba7b4e3eb',350,897,0.3902,'2025-09-06 12:03:35'),(211,'不时轻声地以俄语遮羞的邻座艾莉同学_6634cf.png','images/不时轻声地以俄语遮羞的邻座艾莉同学/不时轻声地以俄语遮羞的邻座艾莉同学_6634cf.png',165960,'','ff7f8d39a504bc8f736330d4dd072028cee92056e9a966f4767130704f1ab67a',350,897,0.3902,'2025-09-06 12:03:35'),(212,'不时轻声地以俄语遮羞的邻座艾莉同学_06843a.png','images/不时轻声地以俄语遮羞的邻座艾莉同学/不时轻声地以俄语遮羞的邻座艾莉同学_06843a.png',6107867,'','b9d8492cc6bad9ea9e246d266bf5024f010a122a1b52516d00e1d3b1e8cd80bd',2886,4096,0.7046,'2025-09-06 12:03:35'),(213,'天才王子的赤字国家振兴术_妮妮姆·拉雷_62044e.png','images/天才王子的赤字国家振兴术/天才王子的赤字国家振兴术_妮妮姆·拉雷_62044e.png',137462,'','9175c2ee290a10da98cc2edbc200c6ab8cec351fc79f88d5981c75dd4cc08ed7',750,1465,0.5119,'2025-09-06 12:03:52'),(214,'无职转生～到了异世界就拿出真本事～_洛琪希·米格路迪亚_86fd3f.png','images/无职转生到了异世界就拿出真本事/无职转生～到了异世界就拿出真本事～_洛琪希·米格路迪亚_86fd3f.png',159329,'','0fd5cd0343ca66f5b8eb56d4957406f8a4955f62b2ac583e16c9d4546d662d31',709,1320,0.5371,'2025-09-06 12:04:10'),(215,'无职转生～到了异世界就拿出真本事～_c67719.png','images/无职转生到了异世界就拿出真本事/无职转生～到了异世界就拿出真本事～_c67719.png',109101,'','1efcf9b385e9c8f65fd0db2bfdc1225bf180382ab8ae025b45e3c23dfe0a395a',707,1293,0.5468,'2025-09-06 12:04:10'),(216,'无职转生～到了异世界就拿出真本事～_72429f.png','images/无职转生到了异世界就拿出真本事/无职转生～到了异世界就拿出真本事～_72429f.png',37150,'','4288d51cd1084fb295baf7ca7bcb3368ab419b17e64d3f8304c3735bed9e2b7c',338,655,0.5160,'2025-09-06 12:04:10'),(217,'通往夏天的隧道，再见的出口_花城杏子_c3a450.png','images/通往夏天的隧道再见的出口/通往夏天的隧道，再见的出口_花城杏子_c3a450.png',126318,'','719e28c96b4aa0a5bf70c050d0c3485cbb8434d431d7af6018684fa544483aa4',400,1091,0.3666,'2025-09-06 12:04:25'),(218,'通往夏天的隧道，再见的出口_花城杏子_ade617.jpg','images/通往夏天的隧道再见的出口/通往夏天的隧道，再见的出口_花城杏子_ade617.jpg',520906,'','c47e590517cfe95e6950d0017022175fc3009e5af40d6485de42907e6dcc0e40',3000,3000,1.0000,'2025-09-06 12:04:25'),(219,'义妹生活_绫濑沙季_ff768c.avif','images/义妹生活/义妹生活_绫濑沙季_ff768c.avif',33807,'','39c455881879ee738f8badadbf35480d127cddec19d6ad4cfacae44cb1709f4e',1052,746,1.4102,'2025-09-06 12:04:56'),(220,'义妹生活_绫濑沙季_915f50.png','images/义妹生活/义妹生活_绫濑沙季_915f50.png',188551,'','0c678bdede440beb352e5095fd5e42021420c0a0cd0634c073996742f69352dd',320,2324,0.1377,'2025-09-06 12:04:56'),(221,'义妹生活_绫濑沙季_e197b9.png','images/义妹生活/义妹生活_绫濑沙季_e197b9.png',40889,'','0dba79f6a7d23bd1a52749131ff034bceaf285c5c7af4aa4811f448b1d6ed6dc',555,163,3.4049,'2025-09-06 12:04:56'),(222,'义妹生活_绫濑沙季_ff367e.bmp','images/义妹生活/义妹生活_绫濑沙季_ff367e.bmp',8294454,'','b1c49a60271eb39c5d5f0bd2125345e77cf0775cbbabd5b6f0577011de7a9135',1920,1080,1.7778,'2025-09-06 12:04:56'),(223,'转生公主与天才千金的魔法革命_安妮丝菲亚·温·帕雷提亚_5940ea.jpg','images/转生公主与天才千金的魔法革命/转生公主与天才千金的魔法革命_安妮丝菲亚·温·帕雷提亚_5940ea.jpg',1042067,'','85a94ed03c8700eb525d95de0057ea3c4c7145d760fcb64a8af12a828375558c',1544,1080,1.4296,'2025-09-06 12:05:18'),(224,'崩坏三_爱莉希雅_51f612.jpg','images/崩坏三/崩坏三_爱莉希雅_51f612.jpg',822798,'','18a56867acff38da5b30f787fb377008abc3ac9708d0d882b839b0131338bfb0',1920,1080,1.7778,'2025-09-06 12:05:40'),(225,'崩坏三_爱莉希雅_1482e4.jpg','images/崩坏三/崩坏三_爱莉希雅_1482e4.jpg',98968,'','f3612d1b81ab4c05a4bea7eb271a7be563b901019499a4af8908cb5a4625293d',738,882,0.8367,'2025-09-06 12:05:41'),(226,'崩坏三_爱莉希雅_be1d64.jpg','images/崩坏三/崩坏三_爱莉希雅_be1d64.jpg',99159,'','856e93f66b1697146d0c59277ea8369a2ebb472d336ae10ec1d83075d50e0926',738,882,0.8367,'2025-09-06 12:05:41'),(227,'崩坏三_爱莉希雅_88218a.jpg','images/崩坏三/崩坏三_爱莉希雅_88218a.jpg',98934,'','6453cc0c2dfd1f4a8248fb2fbac8cb69ab21dd2ca6f25e480ab16537868cbb86',738,882,0.8367,'2025-09-06 12:05:41'),(228,'崩坏三_爱莉希雅_f1423e.jpg','images/崩坏三/崩坏三_爱莉希雅_f1423e.jpg',98091,'','5ce833c2bd8640c05c6831720c989565bd0e9cfce6e7f9e27d6a1f6611b4c45d',738,882,0.8367,'2025-09-06 12:05:41'),(229,'崩坏三_爱莉希雅_b6f1aa.jpg','images/崩坏三/崩坏三_爱莉希雅_b6f1aa.jpg',97205,'','ee347222bbb6a4cfdc40ff8c94468c032e3172732eb71c6bf83bdac1fa3afee0',738,882,0.8367,'2025-09-06 12:05:41'),(230,'崩坏三_爱莉希雅_571cc0.jpg','images/崩坏三/崩坏三_爱莉希雅_571cc0.jpg',97228,'','5fafbb612de1aa7c22b187ec25784207497877d74409af6967004ed201300803',738,882,0.8367,'2025-09-06 12:05:41'),(231,'崩坏三_爱莉希雅_8452d6.jpg','images/崩坏三/崩坏三_爱莉希雅_8452d6.jpg',98086,'','ed5aa7a9ab865500892c17c20e239a6f4dd9c1920a4c856c8f963880a8d3285a',738,882,0.8367,'2025-09-06 12:05:41'),(232,'崩坏三_爱莉希雅_0d5c6c.jpg','images/崩坏三/崩坏三_爱莉希雅_0d5c6c.jpg',96855,'','0f84c09307c50af59a527fd7a69f60107126797c74666bab60c799ca7f150630',738,882,0.8367,'2025-09-06 12:05:41'),(233,'崩坏三_爱莉希雅_c15b68.jpg','images/崩坏三/崩坏三_爱莉希雅_c15b68.jpg',98566,'','55834c86f3369f8454f8fd579a8dcdbabd87ddf71ba8238f5649718ccde9393a',738,882,0.8367,'2025-09-06 12:05:41'),(234,'崩坏三_爱莉希雅_b50300.jpg','images/崩坏三/崩坏三_爱莉希雅_b50300.jpg',94525,'','dc47d24b2d326ddd9de2b635aea8c4842e20db33a80acbbafe6699cecfbbd1b5',738,882,0.8367,'2025-09-06 12:05:41'),(235,'崩坏三_爱莉希雅_002ceb.jpg','images/崩坏三/崩坏三_爱莉希雅_002ceb.jpg',279114,'','b62acb4ad2392651eae973ac020041f934d26f42f567a0a1d0df356d2ab40375',1554,2048,0.7588,'2025-09-06 12:05:41'),(236,'崩坏三_爱莉希雅_967e56.jpg','images/崩坏三/崩坏三_爱莉希雅_967e56.jpg',1097932,'','8761fb565920d2333b2a23eabaf190e9a47fdabb5b56f8b46022eb85885cb125',4276,2961,1.4441,'2025-09-06 12:05:41'),(237,'崩坏三_爱莉希雅_f1cb89.jpg','images/崩坏三/崩坏三_爱莉希雅_f1cb89.jpg',1986754,'','dc662984af5375436273a5b0cb760a7e3bf9b3a2362eb91e8625ebb3e087f83d',3840,2160,1.7778,'2025-09-06 12:05:41'),(238,'崩坏三_爱莉希雅_101222.jpg','images/崩坏三/崩坏三_爱莉希雅_101222.jpg',3061425,'','1b0040cdd2a3f48769c6a20f0465c92cd6c7794a49bc2a290fdc01b5961abed0',8000,4500,1.7778,'2025-09-06 12:05:41'),(242,'原神_稻妻_珊瑚宫心海_86e8e5.jpg','images/原神/原神_稻妻_珊瑚宫心海_86e8e5.jpg',694407,'','07714aec8f66dc197a0651fb015f0b9940dfdef2e09d32d736ac385ee4efdab3',2000,1151,1.7376,'2025-09-06 12:08:37'),(243,'原神_稻妻_珊瑚宫心海_eef2e3.jpg','images/原神/原神_稻妻_珊瑚宫心海_eef2e3.jpg',243689,'','87ea970a17aa523f37994f8993fb052cb14e9da3d8a3e6a08248b7fb89c7fd73',1056,1920,0.5500,'2025-09-06 12:08:37'),(244,'原神_稻妻_珊瑚宫心海_68c472.jpg','images/原神/原神_稻妻_珊瑚宫心海_68c472.jpg',3300750,'','28da10e53a5b646010cbf48e1fa38c240f752b1cab38b033274b044255e96ee5',3445,2028,1.6987,'2025-09-06 12:08:37'),(245,'原神_稻妻_珊瑚宫心海_c4bf76.png','images/原神/原神_稻妻_珊瑚宫心海_c4bf76.png',1757122,'','4c26010937c3364d105f5471276cfb5aa2550fd430352b9ae7d9e75d8d50dea4',1175,1781,0.6597,'2025-09-06 12:09:40'),(246,'原神_稻妻_珊瑚宫心海_559c20.jpg','images/原神/原神_稻妻_珊瑚宫心海_559c20.jpg',915885,'','cbc5c5cc16a950509562bbec8d8648d51cb1f1cdd9f62da277ff1e1bf940bfee',850,1448,0.5870,'2025-09-06 12:09:40'),(247,'原神_稻妻_珊瑚宫心海_1d41d4.jpg','images/原神/原神_稻妻_珊瑚宫心海_1d41d4.jpg',1993724,'','d990de2f880664aa47f1bb9c3353b62aaeb450f0fbeb468d06a6e97213de4e98',1766,3415,0.5171,'2025-09-06 12:09:40'),(248,'原神_稻妻_珊瑚宫心海_5e275d.jpg','images/原神/原神_稻妻_珊瑚宫心海_5e275d.jpg',1405936,'','20e963248c162a6049b8635c66245e2058bcf59d84c62d6b03fb3b2a05f9dc4f',1000,1747,0.5724,'2025-09-06 12:09:40'),(249,'原神_稻妻_珊瑚宫心海_dac72a.jpg','images/原神/原神_稻妻_珊瑚宫心海_dac72a.jpg',602253,'','3e82b8895548aa1d4947f822d7fd4c17b733426a8d6737484e602ba366439eaf',4486,2754,1.6289,'2025-09-06 12:09:41'),(250,'原神_稻妻_珊瑚宫心海_624854.jpg','images/原神/原神_稻妻_珊瑚宫心海_624854.jpg',713837,'','ac52f8679a759a2bacc126faccff77d2bad14911aee12c6a2d8441036ec4eeaa',6064,3146,1.9275,'2025-09-06 12:09:41'),(251,'原神_稻妻_珊瑚宫心海_0bc9be.jpg','images/原神/原神_稻妻_珊瑚宫心海_0bc9be.jpg',1431767,'','33dd69117fb0e8af7bef644929dddc15d6221de4e99f94742028db53d341b2dd',4096,2303,1.7785,'2025-09-06 12:09:41'),(252,'原神_稻妻_珊瑚宫心海_7705b4.jpg','images/原神/原神_稻妻_珊瑚宫心海_7705b4.jpg',1908198,'','025265e09e3e64bdbf4b7c3575b5ebd4e9b4b396895e9754432b5b27a15676e7',2000,2000,1.0000,'2025-09-06 12:09:41'),(253,'原神_稻妻_珊瑚宫心海_29f0b3.jpg','images/原神/原神_稻妻_珊瑚宫心海_29f0b3.jpg',1379601,'','69a5cdc7f9cddd8a4e0e34c8d9c98b3863097d0a9c60ad58340b159b61806ed1',2560,1440,1.7778,'2025-09-06 12:09:41'),(254,'原神_稻妻_珊瑚宫心海_3c5ce7.jpg','images/原神/原神_稻妻_珊瑚宫心海_3c5ce7.jpg',1972755,'','92f37c71c30829c308cacbf771221edf6928428e1fc37975b0d5bda34b2efa4c',1200,2099,0.5717,'2025-09-06 12:09:41'),(255,'原神_稻妻_珊瑚宫心海_adc086.jpg','images/原神/原神_稻妻_珊瑚宫心海_adc086.jpg',3997999,'','8536b53e226137dbbb3a1943a2f6f6204d7e3ae73f8e8031d7ba81149808fcb9',3949,2170,1.8198,'2025-09-06 12:09:41'),(256,'原神_稻妻_珊瑚宫心海_bf6f0d.jpg','images/原神/原神_稻妻_珊瑚宫心海_bf6f0d.jpg',3368264,'','39aa6c7d58d480d479c4e913e0c19b9a69c537f50df00bafa8ea417a165bf702',5554,3212,1.7291,'2025-09-06 12:10:58'),(257,'原神_稻妻_珊瑚宫心海_4bd448.png','images/原神/原神_稻妻_珊瑚宫心海_4bd448.png',2340712,'','a895e1116d2f453a5abd8f8ba70426b8dd7a02de3339df36f34e15f3b5f54f32',1700,1209,1.4061,'2025-09-06 12:11:57'),(258,'崩坏三_爱莉希雅_107f8c.jpg','images/崩坏三/崩坏三_爱莉希雅_107f8c.jpg',2310364,'','8198efae6de63222b2a797d94830a100bbdd901b0caf76def480f177915c268a',2560,1440,1.7778,'2025-09-06 12:15:17'),(338,'崩坏_星穹铁道_流萤_1d8b94.jpg','images/崩坏星穹铁道/崩坏_星穹铁道_流萤_1d8b94.jpg',1832149,'','723f232f23cc14961dc486eeb7d5820949b8e83f15799eb5e3b30c01d3eb0f30',2400,1350,1.7778,'2025-09-06 12:52:54'),(339,'崩坏_星穹铁道_流萤_e14dfe.jpg','images/崩坏星穹铁道/崩坏_星穹铁道_流萤_e14dfe.jpg',1571665,'','d78e39624ff37eb76da45fdf6beba6213b9c5220bb4d00d0e2b63976283c7d6a',3840,2160,1.7778,'2025-09-06 12:52:54'),(340,'崩坏_星穹铁道_流萤_ebeac3.jpg','images/崩坏星穹铁道/崩坏_星穹铁道_流萤_ebeac3.jpg',2043854,'','f65eaa52ca60cd99f1c0280454bf8c42e62bfb60d524564e51621d5333cb21a3',2033,1037,1.9605,'2025-09-06 12:52:54'),(341,'崩坏_星穹铁道_流萤_6896d5.jpg','images/崩坏星穹铁道/崩坏_星穹铁道_流萤_6896d5.jpg',1598759,'','f5eca96e42fd5f1d3dad9549dbd3a8a6b52dcc3f568bdc9d4d0bcdd5d9a80222',2266,3680,0.6158,'2025-09-06 12:52:55'),(342,'崩坏_星穹铁道_流萤_228a9a.jpg','images/崩坏星穹铁道/崩坏_星穹铁道_流萤_228a9a.jpg',1325051,'','93bbb2f4d9d891dea47edbf2b57c658ceaeaedb71ae50cdf68ca236f59ea76cc',4096,2389,1.7145,'2025-09-06 12:52:55'),(343,'崩坏_星穹铁道_流萤_edd2ed.jpg','images/崩坏星穹铁道/崩坏_星穹铁道_流萤_edd2ed.jpg',1840254,'','a46760d95d32dfbcceac79e70b1f521c734c731597ac2af7075dbbca372cd0a7',2387,3500,0.6820,'2025-09-06 12:52:55'),(344,'崩坏_星穹铁道_流萤_631e24.jpg','images/崩坏星穹铁道/崩坏_星穹铁道_流萤_631e24.jpg',2003812,'','05061157d1681dda1e4f4eaf538b77bdcb71d0a1edf30419738269f1631b7759',1800,1200,1.5000,'2025-09-06 12:52:55'),(345,'崩坏_星穹铁道_流萤_3db293.jpg','images/崩坏星穹铁道/崩坏_星穹铁道_流萤_3db293.jpg',1217670,'','99294cba9e2c8478c12ddef05f1cefe1201f542448ab1b399c956229aea99e04',2508,4051,0.6191,'2025-09-06 12:52:55'),(346,'崩坏_星穹铁道_流萤_eb0f93.jpg','images/崩坏星穹铁道/崩坏_星穹铁道_流萤_eb0f93.jpg',3392029,'','1f8ad95cd0f4f0eba7a6c445791ef57a6496fe6577350a8750042708f2e1cea0',3048,4836,0.6303,'2025-09-06 12:52:55'),(347,'崩坏_星穹铁道_流萤_84f662.jpg','images/崩坏星穹铁道/崩坏_星穹铁道_流萤_84f662.jpg',2747167,'','bc3ca3230d5305c85f4f675432ace2c05799e0eda030d0083585a1be6b68359e',2026,3500,0.5789,'2025-09-06 12:52:55'),(348,'崩坏_星穹铁道_流萤_fcc270.jpg','images/崩坏星穹铁道/崩坏_星穹铁道_流萤_fcc270.jpg',2592464,'','299e8e922bdf26cce2fc157202231e0344bd9aa4c4fa1e8e79db4d8bdc8e665b',3019,1155,2.6139,'2025-09-06 12:52:55'),(349,'崩坏_星穹铁道_流萤_669f57.jpg','images/崩坏星穹铁道/崩坏_星穹铁道_流萤_669f57.jpg',2406110,'','c3c86903b7c19ed54631e794b792601183819362426d427f4e259e597b095f53',4970,2776,1.7903,'2025-09-06 12:52:55'),(350,'崩坏_星穹铁道_流萤_639e3a.jpg','images/崩坏星穹铁道/崩坏_星穹铁道_流萤_639e3a.jpg',2630513,'','39c219104702bb3c5a77be807357a0d31e09573adf9b3afd1705e5bfbf97d55c',1600,2433,0.6576,'2025-09-06 12:52:55'),(351,'崩坏_星穹铁道_流萤_363d02.jpg','images/崩坏星穹铁道/崩坏_星穹铁道_流萤_363d02.jpg',2224926,'','1c98b18ccf787d9b5bcf52e629e1d2ae764c71b975eadfd6689e8bb137b9b7f7',2000,1125,1.7778,'2025-09-06 12:52:55'),(352,'崩坏_星穹铁道_流萤_de507b.jpg','images/崩坏星穹铁道/崩坏_星穹铁道_流萤_de507b.jpg',2743090,'','3f6e95b1c929e875e17cbae43f3becaa4a3c2102e56554608272edefc56ec5bf',2033,1037,1.9605,'2025-09-06 12:52:55'),(353,'崩坏_星穹铁道_流萤_6f671c.jpg','images/崩坏星穹铁道/崩坏_星穹铁道_流萤_6f671c.jpg',4139696,'','260655b6e5d6fb2b56b070b617be9e42ccec2acd08396f6b189cbb5f19ad411c',3240,5760,0.5625,'2025-09-06 12:52:55'),(354,'崩坏_星穹铁道_流萤_00fa13.jpg','images/崩坏星穹铁道/崩坏_星穹铁道_流萤_00fa13.jpg',2241032,'','eadb7df45ebc1a45253299effd79d0b4843460b0bb510ab949a474fe8fb304d7',2464,1400,1.7600,'2025-09-06 12:52:55'),(355,'崩坏_星穹铁道_流萤_cfeec7.png','images/崩坏星穹铁道/崩坏_星穹铁道_流萤_cfeec7.png',4307415,'','ec0346ca3f7ae8fdcd77c47c49fdb09d042d2667dbd63ca59a71fc1fe229f51d',1307,2200,0.5941,'2025-09-06 12:52:55'),(356,'崩坏_星穹铁道_流萤_e309a2.png','images/崩坏星穹铁道/崩坏_星穹铁道_流萤_e309a2.png',4780248,'','e7dbf9e91668b65c0b7b52e981243e8a29c6a101e7ec0d82ef5346cfeab5310c',2300,1294,1.7774,'2025-09-06 12:52:55'),(357,'崩坏_星穹铁道_流萤_e06caa.jpg','images/崩坏星穹铁道/崩坏_星穹铁道_流萤_e06caa.jpg',4474176,'','13bbc666c3d3d18aa58864b99d0302861ec7fdd17fad9f9aefbf1cdc18cb3c1b',4096,2304,1.7778,'2025-09-06 12:52:55'),(358,'崩坏_星穹铁道_流萤_676131.png','images/崩坏星穹铁道/崩坏_星穹铁道_流萤_676131.png',9532655,'','7102d000dd71bec130663150e4029011fb1208ea5b92efd07d4afb564910b29c',1620,2880,0.5625,'2025-09-06 12:52:55'),(359,'崩坏_星穹铁道_流萤_bd9114.png','images/崩坏星穹铁道/崩坏_星穹铁道_流萤_bd9114.png',9088510,'','ba5380d7d5701194ab367d3f0bda405d8b33b4084185e7cc5956526af14a6709',3840,2160,1.7778,'2025-09-06 12:52:55'),(360,'崩坏_星穹铁道_流萤_44fa94.jpg','images/崩坏星穹铁道/崩坏_星穹铁道_流萤_44fa94.jpg',9995803,'','eed3eee667f9b0795fbf4d437beeb9505536ea721993fb14b73aaef2a7f54662',10240,4320,2.3704,'2025-09-06 12:52:55'),(361,'崩坏_星穹铁道_流萤_9a8163.jpg','images/崩坏星穹铁道/崩坏_星穹铁道_流萤_9a8163.jpg',10019700,'','99a7973b5a6b6568f85a79d1c67e9026d3674a961eb95cbbc08c014c4d2ddcbf',8690,4500,1.9311,'2025-09-06 12:52:55'),(362,'崩坏_星穹铁道_流萤_5b3656.png','images/崩坏星穹铁道/崩坏_星穹铁道_流萤_5b3656.png',14933864,'','87ddf61f1e4fcab3cf248940f83ed7d45baf831d4bb23c432b7d2103c3d699f4',2214,4580,0.4834,'2025-09-06 12:52:55'),(363,'崩坏_星穹铁道_流萤_3e832f.png','images/崩坏星穹铁道/崩坏_星穹铁道_流萤_3e832f.png',16843244,'','1e92517c3034fe91f717b4ab561acc5951e036c3c14fb89217ce16c7a23f2e36',5760,3240,1.7778,'2025-09-06 12:52:55'),(364,'崩坏_星穹铁道_流萤_54c6f3.jpg','images/崩坏星穹铁道/崩坏_星穹铁道_流萤_54c6f3.jpg',18897529,'','756172f85f78fef9b0df1963c9ae039d481e6720682ca50670df5b7854eae36a',5760,3240,1.7778,'2025-09-06 12:52:55'),(365,'崩坏_星穹铁道_流萤_98521e.jpg','images/崩坏星穹铁道/崩坏_星穹铁道_流萤_98521e.jpg',1150131,'','571f660079a065d9ca3c811f6478c8f3cb4fcece01d046f60fb31e9c71dc4bf8',1080,1729,0.6246,'2025-09-06 12:55:53'),(366,'崩坏_星穹铁道_流萤_8ca715.jpg','images/崩坏星穹铁道/崩坏_星穹铁道_流萤_8ca715.jpg',763378,'','ea0fbb16604028421a1b41706d1227822e8f49c5caefc36f29cb2f6ac80be1a1',1920,1080,1.7778,'2025-09-06 12:55:54'),(367,'崩坏_星穹铁道_流萤_2092e6.jpg','images/崩坏星穹铁道/崩坏_星穹铁道_流萤_2092e6.jpg',2777171,'','3c1d95139e3ad10e71b31e140fec1ddc3973a4ae9ec26e16ea2e6fa0e5181676',1273,2000,0.6365,'2025-09-06 12:55:54');
/*!40000 ALTER TABLE `images` ENABLE KEYS */;
UNLOCK TABLES;

--
-- Table structure for table `tag_aliases`
--

DROP TABLE IF EXISTS `tag_aliases`;
/*!40101 SET @saved_cs_client     = @@character_set_client */;
/*!50503 SET character_set_client = utf8mb4 */;
CREATE TABLE `tag_aliases` (
  `id` int unsigned NOT NULL AUTO_INCREMENT,
  `tag_id` int unsigned NOT NULL COMMENT '关联的标签概念ID',
  `name` varchar(100) COLLATE utf8mb4_unicode_ci NOT NULL COMMENT '别名/翻译名/昵称',
  `lang` varchar(10) COLLATE utf8mb4_unicode_ci NOT NULL COMMENT '语言或类型 (en, zh, ja, pinyin, nickname)',
  PRIMARY KEY (`id`),
  KEY `idx_name` (`name`),
  KEY `fk_alias_tag` (`tag_id`),
  CONSTRAINT `fk_alias_tag` FOREIGN KEY (`tag_id`) REFERENCES `tags` (`id`) ON DELETE CASCADE ON UPDATE CASCADE
) ENGINE=InnoDB AUTO_INCREMENT=1593 DEFAULT CHARSET=utf8mb4 COLLATE=utf8mb4_unicode_ci COMMENT='标签别名与多语言表';
/*!40101 SET character_set_client = @saved_cs_client */;

--
-- Dumping data for table `tag_aliases`
--

LOCK TABLES `tag_aliases` WRITE;
/*!40000 ALTER TABLE `tag_aliases` DISABLE KEYS */;
INSERT INTO `tag_aliases` (`id`, `tag_id`, `name`, `lang`) VALUES (1001,101,'原神','zh'),(1002,101,'Genshin Impact','en'),(1003,101,'yuanshen','pinyin'),(1004,102,'角色','zh'),(1005,102,'Character','en'),(1006,102,'キャラクター','ja'),(1007,102,'jiaose','pinyin'),(1008,103,'荧','zh'),(1009,103,'Lumine','en'),(1010,103,'蛍','ja'),(1011,103,'ying','pinyin'),(1012,104,'空','zh'),(1013,104,'Aether','en'),(1014,104,'kong','pinyin'),(1015,105,'派蒙','zh'),(1016,105,'Paimon','en'),(1017,105,'パイモン','ja'),(1018,105,'paimeng','pinyin'),(1019,106,'蒙德','zh'),(1020,106,'Mondstadt','en'),(1021,106,'モンド','ja'),(1022,106,'mengde','pinyin'),(1023,107,'芭芭拉','zh'),(1024,107,'Barbara','en'),(1025,107,'バーバラ','ja'),(1026,107,'babala','pinyin'),(1027,108,'璃月','zh'),(1028,108,'Liyue','en'),(1029,108,'liyue','pinyin'),(1030,109,'钟离','zh'),(1031,109,'Zhongli','en'),(1032,109,'鍾離','ja'),(1033,109,'zhongli','pinyin'),(1034,110,'甘雨','zh'),(1035,110,'Ganyu','en'),(1036,110,'ganyu','pinyin'),(1037,111,'凝光','zh'),(1038,111,'Ningguang','en'),(1039,111,'ningguang','pinyin'),(1040,112,'刻晴','zh'),(1041,112,'Keqing','en'),(1042,112,'keqing','pinyin'),(1043,113,'稻妻','zh'),(1044,113,'Inazuma','en'),(1045,113,'稲妻','ja'),(1046,113,'daoqi','pinyin'),(1047,114,'雷电将军','zh'),(1048,114,'Raiden Shogun','en'),(1049,114,'雷電将軍','ja'),(1050,114,'leidianjianjun','pinyin'),(1051,115,'宵宫','zh'),(1052,115,'Yoimiya','en'),(1053,115,'宵宮','ja'),(1054,115,'xiaogong','pinyin'),(1055,116,'八重神子','zh'),(1056,116,'Yae Miko','en'),(1057,116,'bazhongshenzi','pinyin'),(1058,117,'神里绫华','zh'),(1059,117,'Kamisato Ayaka','en'),(1060,117,'神里綾華','ja'),(1061,117,'shenlilinghua','pinyin'),(1062,118,'五郎','zh'),(1063,118,'Gorou','en'),(1064,118,'ゴロー','ja'),(1065,118,'wulang','pinyin'),(1066,119,'胡桃','zh'),(1067,119,'Hu Tao','en'),(1068,119,'hutao','pinyin'),(1069,120,'枫原万叶','zh'),(1070,120,'Kaedehara Kazuha','en'),(1071,120,'楓原万葉','ja'),(1072,120,'fengyuanwanye','pinyin'),(1073,121,'早柚','zh'),(1074,121,'Sayu','en'),(1075,121,'zaoyu','pinyin'),(1076,122,'九条裟罗','zh'),(1077,122,'Kujou Sara','en'),(1078,122,'九条裟羅','ja'),(1079,122,'jiutiaoshaluo','pinyin'),(1080,123,'鹿野院平藏','zh'),(1081,123,'Shikanoin Heizou','en'),(1082,123,'鹿野院平蔵','ja'),(1083,123,'luyeyuanpingcang','pinyin'),(1084,124,'枫丹','zh'),(1085,124,'Fontaine','en'),(1086,124,'フォンテーヌ','ja'),(1087,124,'fengdan','pinyin'),(1088,125,'芙宁娜','zh'),(1089,125,'Furina','en'),(1090,125,'フリーナ','ja'),(1091,125,'funingna','pinyin'),(1092,126,'纳塔','zh'),(1093,126,'Natlan','en'),(1094,126,'ナタ','ja'),(1095,126,'nata','pinyin'),(1096,127,'丝柯克','zh'),(1097,127,'Xilonen','en'),(1098,127,'シロネン','ja'),(1099,127,'sikeke','pinyin'),(1100,128,'茜特菈莉','zh'),(1101,128,'Citlali','en'),(1102,128,'シトラリ','ja'),(1103,128,'qiantelali','pinyin'),(1104,129,'崩坏:星穹铁道','zh'),(1105,129,'Honkai: Star Rail','en'),(1106,129,'崩壊：スターレイル','ja'),(1107,129,'benghuaixingqiongtiedao','pinyin'),(1108,130,'星','zh'),(1109,130,'Stelle','en'),(1110,130,'xing','pinyin'),(1111,131,'海瑟音','zh'),(1112,131,'Hestia','en'),(1113,131,'ヘスティア','ja'),(1114,131,'haiseyin','pinyin'),(1115,132,'刻律德菈','zh'),(1116,132,'Cerydra','en'),(1117,132,'ケリュドラ','ja'),(1118,132,'kelüdela','pinyin'),(1119,133,'Saber','zh'),(1120,133,'セイバー','ja'),(1121,134,'风堇','zh'),(1122,134,'Bronya','en'),(1123,134,'ブローニャ','ja'),(1124,134,'fengjin','pinyin'),(1125,135,'遐蝶','zh'),(1126,135,'Sunday','en'),(1127,135,'サンデー','ja'),(1128,135,'xiadie','pinyin'),(1129,136,'黑塔','zh'),(1130,136,'Herta','en'),(1131,136,'ヘルタ','ja'),(1132,136,'heita','pinyin'),(1133,137,'大黑塔','zh'),(1134,137,'Herta (Puppet)','en'),(1135,137,'ヘルタ人形','ja'),(1136,137,'daheita','pinyin'),(1137,138,'忘归人','zh'),(1138,138,'Feixiao','en'),(1139,138,'飛霄','ja'),(1140,138,'wangguiren','pinyin'),(1141,139,'灵砂','zh'),(1142,139,'Lingsha','en'),(1143,139,'霊砂','ja'),(1144,139,'lingsha','pinyin'),(1145,140,'云璃','zh'),(1146,140,'Yunli','en'),(1147,140,'雲璃','ja'),(1148,140,'yunli','pinyin'),(1149,141,'流萤','zh'),(1150,141,'Firefly','en'),(1151,141,'流蛍','ja'),(1152,141,'liuying','pinyin'),(1153,142,'知更鸟','zh'),(1154,142,'Robin','en'),(1155,142,'知更鳥','ja'),(1156,142,'zhigengniao','pinyin'),(1157,143,'黄泉','zh'),(1158,143,'Acheron','en'),(1159,143,'huangquan','pinyin'),(1160,144,'花火','zh'),(1161,144,'Sparkle','en'),(1162,144,'huahuo','pinyin'),(1163,145,'藿藿','zh'),(1164,145,'Huohuo','en'),(1165,145,'フォフォ','ja'),(1166,145,'huohuo','pinyin'),(1167,146,'阮•梅','zh'),(1168,146,'Ruan Mei','en'),(1169,146,'ルアン・メイ','ja'),(1170,146,'ruanmei','pinyin'),(1171,147,'符玄','zh'),(1172,147,'Fu Xuan','en'),(1173,147,'fuxuan','pinyin'),(1174,148,'停云','zh'),(1175,148,'Tingyun','en'),(1176,148,'停雲','ja'),(1177,148,'tingyun','pinyin'),(1178,149,'克拉拉','zh'),(1179,149,'Clara','en'),(1180,149,'クララ','ja'),(1181,149,'kelala','pinyin'),(1182,150,'希儿','zh'),(1183,150,'Seele','en'),(1184,150,'ゼーレ','ja'),(1185,150,'xier','pinyin'),(1186,151,'三月七','zh'),(1187,151,'March 7th','en'),(1188,151,'三月なのか','ja'),(1189,151,'sanyueqi','pinyin'),(1190,152,'艾丝妲','zh'),(1191,152,'Asta','en'),(1192,152,'アスター','ja'),(1193,152,'aisida','pinyin'),(1194,153,'昔涟','zh'),(1195,153,'Xier','en'),(1196,153,'シエル','ja'),(1197,153,'xilian','pinyin'),(1198,154,'崩坏三','zh'),(1199,154,'Honkai Impact 3rd','en'),(1200,154,'崩壊3rd','ja'),(1201,154,'benghuaisan','pinyin'),(1202,155,'琪亚娜·卡斯兰娜','zh'),(1203,155,'Kiana Kaslana','en'),(1204,155,'キアナ・カスラナ','ja'),(1205,156,'终焉之律者','zh'),(1206,156,'Herrscher of Finality','en'),(1207,156,'終焉の律者','ja'),(1208,156,'zhongyanzhilvzhe','pinyin'),(1209,157,'薪炎之律者','zh'),(1210,157,'Herrscher of Flamescion','en'),(1211,157,'薪炎の律者','ja'),(1212,157,'xinyanzhilvzhe','pinyin'),(1213,158,'空之律者','zh'),(1214,158,'Herrscher of the Void','en'),(1215,158,'空の律者','ja'),(1216,158,'kongzhilvzhe','pinyin'),(1217,159,'雷电芽衣','zh'),(1218,159,'Raiden Mei','en'),(1219,159,'雷電芽衣','ja'),(1220,159,'ledianyayi','pinyin'),(1221,160,'始源之律者','zh'),(1222,160,'Herrscher of Origin','en'),(1223,160,'始源の律者','ja'),(1224,160,'shiyuanzhilvzhe','pinyin'),(1225,161,'断罪影舞','zh'),(1226,161,'Shadow Dash','en'),(1227,161,'duanzuiyingwu','pinyin'),(1228,162,'雷之律者','zh'),(1229,162,'Herrscher of Thunder','en'),(1230,162,'雷の律者','ja'),(1231,162,'leizhilvzhe','pinyin'),(1232,163,'破晓强袭','zh'),(1233,163,'Striker Fulminata','en'),(1234,163,'破暁強襲','ja'),(1235,163,'poxiaoqiangxi','pinyin'),(1236,164,'布洛妮娅·扎伊切克','zh'),(1237,164,'Bronya Zaychik','en'),(1238,164,'ブロニャ・ザイチク','ja'),(1239,165,'真理之律者','zh'),(1240,165,'Herrscher of Truth','en'),(1241,165,'真理の律者','ja'),(1242,165,'zhenglizhilvzhe','pinyin'),(1243,166,'次生银翼','zh'),(1244,166,'Silverwing: N-EX','en'),(1245,166,'次元の銀翼','ja'),(1246,166,'cishengyinyi','pinyin'),(1247,167,'迷城骇兔','zh'),(1248,167,'Haxxor Bunny','en'),(1249,167,'迷城駭兎','ja'),(1250,167,'michenghaitu','pinyin'),(1251,168,'理之律者','zh'),(1252,168,'Herrscher of Reason','en'),(1253,168,'理の律者','ja'),(1254,168,'lizhilvzhe','pinyin'),(1255,169,'八重樱','zh'),(1256,169,'Yae Sakura','en'),(1257,169,'八重桜','ja'),(1258,169,'bazhongying','pinyin'),(1259,170,'夜隐重霞','zh'),(1260,170,'Darkbolt Jonin','en'),(1261,170,'夜隠重霞','ja'),(1262,170,'yeyinzhongxia','pinyin'),(1263,171,'真炎幸魂','zh'),(1264,171,'Flame Sakitama','en'),(1265,171,'zhengyanxinghun','pinyin'),(1266,172,'逆神巫女','zh'),(1267,172,'Miko','en'),(1268,172,'nishenwunü','pinyin'),(1269,173,'御神装·勿忘','zh'),(1270,173,'Memento','en'),(1271,173,'御神装・勿忘','ja'),(1272,173,'yushenzhuangwuwang','pinyin'),(1273,174,'希儿·芙乐艾','zh'),(1274,174,'Seele Vollerei','en'),(1275,174,'ゼーレ・フェレライ','ja'),(1276,175,'死生之律者','zh'),(1277,175,'Herrscher of Rebirth','en'),(1278,175,'死生の律者','ja'),(1279,175,'sishengzhilvzhe','pinyin'),(1280,176,'魇夜星渊','zh'),(1281,176,'Stygian Nymph','en'),(1282,176,'夢夜星淵','ja'),(1283,176,'yanyexingyuan','pinyin'),(1284,177,'彼岸双生','zh'),(1285,177,'Swallowtail Phantasm','en'),(1286,177,'bianshuangsheng','pinyin'),(1287,178,'幻海梦蝶','zh'),(1288,178,'Starchasm Nyx','en'),(1289,178,'幻海夢蝶','ja'),(1290,178,'huanhaimengdie','pinyin'),(1291,179,'爱莉希雅','zh'),(1292,179,'Elysia','en'),(1293,179,'エリシア','ja'),(1294,179,'ailixiya','pinyin'),(1295,180,'真我·人之律者','zh'),(1296,180,'Herrscher of Human: Ego','en'),(1297,180,'真我・人の律者','ja'),(1298,180,'zhenwurenzhilvzhe','pinyin'),(1299,181,'粉色妖精小姐♪','zh'),(1300,181,'Miss Pink Elf','en'),(1301,181,'ピンクの妖精お嬢様♪','ja'),(1302,181,'fenseyaojingxiaojie','pinyin'),(1303,182,'梅比乌斯','zh'),(1304,182,'Mobius','en'),(1305,182,'メビウス','ja'),(1306,182,'meibiwusi','pinyin'),(1307,183,'无限·噬界之蛇','zh'),(1308,183,'Infinite Ouroboros','en'),(1309,183,'無限・噬界の蛇','ja'),(1310,183,'wuxianshijiezhishe','pinyin'),(1311,184,'帕朵菲莉丝','zh'),(1312,184,'Pardofelis','en'),(1313,184,'パルドフェリス','ja'),(1314,184,'paduofeilisi','pinyin'),(1315,185,'空梦·掠集之兽','zh'),(1316,185,'Reverist Calico','en'),(1317,185,'空夢・掠集の獣','ja'),(1318,185,'kongmengluejizishuo','pinyin'),(1319,186,'伊甸','zh'),(1320,186,'Eden','en'),(1321,186,'エデン','ja'),(1322,186,'yidian','pinyin'),(1323,187,'黄金·璀耀之歌','zh'),(1324,187,'Golden Diva','en'),(1325,187,'黄金・璀耀の歌','ja'),(1326,187,'huangjincuiyaozhige','pinyin'),(1327,188,'格蕾修','zh'),(1328,188,'Griseo','en'),(1329,188,'グレイシュ','ja'),(1330,188,'geleixiu','pinyin'),(1331,189,'繁星·绘世之卷','zh'),(1332,189,'Cosmic Expression','en'),(1333,189,'繁星・絵世の巻','ja'),(1334,189,'fanxinghuishizhijuan','pinyin'),(1335,190,'动漫','zh'),(1336,190,'Anime','en'),(1337,190,'アニメ','ja'),(1338,190,'dongman','pinyin'),(1339,191,'天使的心跳','zh'),(1340,191,'Angel Beats!','en'),(1341,191,'Angel Beats!','ja'),(1342,191,'tianshidexintiao','pinyin'),(1343,192,'立华奏','zh'),(1344,192,'Kanade Tachibana','en'),(1345,192,'立華かなで','ja'),(1346,192,'lihuazou','pinyin'),(1347,193,'ATRI -My Dear Moments-','zh'),(1348,193,'ATRI','ja'),(1349,193,'atrimydearmoments','pinyin'),(1350,194,'亚托莉','zh'),(1351,194,'Atri','en'),(1352,194,'アトリ','ja'),(1353,194,'yatuoli','pinyin'),(1354,195,'夏洛特','zh'),(1355,195,'Charlotte','en'),(1356,195,'Charlotte','ja'),(1357,195,'xialuote','pinyin'),(1358,196,'友利奈绪','zh'),(1359,196,'Nao Tomori','en'),(1360,196,'友利奈緒','ja'),(1361,196,'youlinaixu','pinyin'),(1362,197,'你好，世界','zh'),(1363,197,'HELLO WORLD','en'),(1364,197,'Hello World','ja'),(1365,197,'nihaoshijie','pinyin'),(1366,198,'一行瑠璃','zh'),(1367,198,'Ruri Ichigyo','en'),(1368,198,'yixingliuli','pinyin'),(1369,199,'可塑性记忆','zh'),(1370,199,'Plastic Memories','en'),(1371,199,'Plastic_Memories','ja'),(1372,199,'kesuxingjiyi','pinyin'),(1373,200,'艾拉','zh'),(1374,200,'Isla','en'),(1375,200,'アイラ','ja'),(1376,200,'aila','pinyin'),(1377,201,'夏日口袋','zh'),(1378,201,'Summer Pockets','en'),(1379,201,'Summer Pockets','ja'),(1380,201,'xiarikoudai','pinyin'),(1381,202,'鸣濑白羽','zh'),(1382,202,'Shiroha Naruse','en'),(1383,202,'鳴瀬 しろは','ja'),(1384,202,'minglaibaiyu','pinyin'),(1385,203,'出包王女','zh'),(1386,203,'To Love Ru','en'),(1387,203,'To LOVEる','ja'),(1388,203,'chubaowangnv','pinyin'),(1389,204,'菈菈·撒塔琳·戴比路克','zh'),(1390,204,'Lala Satalin Deviluke','en'),(1391,204,'ララ・サタリン・デビルーク','ja'),(1392,204,'lalasatalindaibiluke','pinyin'),(1393,205,'这个美术社大有问题！','zh'),(1394,205,'This Art Club Has a Problem!','en'),(1395,205,'この美術部には問題がある！','ja'),(1396,205,'zhegemeishushedayouwenti','pinyin'),(1397,206,'宇佐美瑞希','zh'),(1398,206,'Mizuki Usami','en'),(1399,206,'宇佐美 みずき','ja'),(1400,206,'yuzuomeiruixi','pinyin'),(1401,207,'请问您今天要来点兔子吗？','zh'),(1402,207,'Is the Order a Rabbit?','en'),(1403,207,'ご注文はうさぎですか？','ja'),(1404,207,'qingwenninjintianyaolaidiantuzima','pinyin'),(1405,208,'保登心爱','zh'),(1406,208,'Cocoa Hoto','en'),(1407,208,'保登心愛','ja'),(1408,208,'baodengxinai','pinyin'),(1409,209,'鹿乃子乃子乃子虎视眈眈','zh'),(1410,209,'My Deer Friend Nokotan','en'),(1411,209,'しかのこのこのここしたんたん','ja'),(1412,209,'lunaizinaizinaizihushidandan','pinyin'),(1413,210,'鹿乃子乃子','zh'),(1414,210,'Noko Shikanoko','en'),(1415,210,'鹿乃子のこ','ja'),(1416,210,'lunaizinaizi','pinyin'),(1417,211,'家里蹲吸血姬的苦闷','zh'),(1418,211,'The Vexations of a Shut-In Vampire Princess','en'),(1419,211,'ひきこまり吸血姫の悶々','ja'),(1420,211,'jialidunxixuejidekumen','pinyin'),(1421,212,'黛拉可玛莉·岗德森布莱德','zh'),(1422,212,'Terakomari Gandesblood','en'),(1423,212,'テラコマリ・ガンデスブラッド','ja'),(1424,212,'dailakemaligangdesenbulaide','pinyin'),(1425,213,'埃罗芒阿老师','zh'),(1426,213,'Eromanga Sensei','en'),(1427,213,'エロマンガ先生','ja'),(1428,213,'ailuomangalaoshi','pinyin'),(1429,214,'和泉纱雾','zh'),(1430,214,'Sagiri Izumi','en'),(1431,214,'和泉紗霧','ja'),(1432,214,'hequanshawu','pinyin'),(1433,215,'不正经的魔术讲师与禁忌教典','zh'),(1434,215,'Akashic Records of Bastard Magic Instructor','en'),(1435,215,'ロクでなし魔術講師と禁忌教典','ja'),(1436,215,'buzhengjingdemoshujiangshiyujinjijiaodian','pinyin'),(1437,216,'西丝蒂娜·席贝尔','zh'),(1438,216,'Sistine Fibel','en'),(1439,216,'システィーナ＝フィーベル','ja'),(1440,216,'xisidinaxibeier','pinyin'),(1441,217,'我心里危险的东西','zh'),(1442,217,'The Dangers in My Heart','en'),(1443,217,'僕の心のヤバイやつ','ja'),(1444,217,'woxinliweixiandedongxi','pinyin'),(1445,218,'山田杏奈','zh'),(1446,218,'Anna Yamada','en'),(1447,218,'shantianxingnai','pinyin'),(1448,219,'不起眼女主角培育法','zh'),(1449,219,'Saekano','en'),(1450,219,'冴えない彼女の育てかた','ja'),(1451,219,'buqiyannvzhujuepeiyufa','pinyin'),(1452,220,'加藤惠','zh'),(1453,220,'Megumi Kato','en'),(1454,220,'加藤恵','ja'),(1455,220,'jiatenghui','pinyin'),(1456,221,'式守同学不只可爱而已','zh'),(1457,221,'Shikimori\'s Not Just a Cutie','en'),(1458,221,'可愛いだけじゃない式守さん','ja'),(1459,221,'shishoutongxuebuzhikeaieryi','pinyin'),(1460,222,'式守同学','zh'),(1461,222,'Shikimori','en'),(1462,222,'式守さん','ja'),(1463,222,'shishoutongxue','pinyin'),(1464,223,'通往夏天的隧道，再见的出口','zh'),(1465,223,'The Tunnel to Summer, the Exit of Goodbyes','en'),(1466,223,'夏へのトンネル、さよならの出口','ja'),(1467,223,'tongwangxiatiandesuidaozaijiandechukou','pinyin'),(1468,224,'花城杏子','zh'),(1469,224,'Anzu Hanashiro','en'),(1470,224,'花城あんず','ja'),(1471,224,'huachengxingzi','pinyin'),(1472,225,'满怀美梦的少年是现实主义者','zh'),(1473,225,'The Dreaming Boy Is a Realist','en'),(1474,225,'夢見る男子は現実主義者','ja'),(1475,225,'manhuaimeimengdeshaonianshixianshizhuyizhe','pinyin'),(1476,226,'夏川爱华','zh'),(1477,226,'Aika Natsukawa','en'),(1478,226,'夏川愛華','ja'),(1479,226,'xiachuanaihua','pinyin'),(1480,227,'天才王子的赤字国家振兴术','zh'),(1481,227,'Genius Prince\'s Guide','en'),(1482,227,'天才王子の赤字国家再生術','ja'),(1483,227,'tiancaiwangzidechiziguojiazhenxingshu','pinyin'),(1484,228,'妮妮姆·拉雷','zh'),(1485,228,'Ninym Ralei','en'),(1486,228,'ニニム・ラーレイ','ja'),(1487,228,'ninimulalei','pinyin'),(1488,229,'寄宿学校的朱丽叶','zh'),(1489,229,'Boarding School Juliet','en'),(1490,229,'寄宿学校のジュリエット','ja'),(1491,229,'jisuxuexiaodezhuliye','pinyin'),(1492,230,'茱丽叶·佩尔西亚','zh'),(1493,230,'Juliet Persia','en'),(1494,230,'ジュリエット・ペルシア','ja'),(1495,230,'zhuliyepeierxiya','pinyin'),(1496,231,'岁月流逝饭菜依旧美味','zh'),(1497,231,'Food for the Soul','en'),(1498,231,'日々は過ぎれど飯うまし','ja'),(1499,231,'suiyueliushifancaiyijiumeiwei','pinyin'),(1500,232,'河合真子','zh'),(1501,232,'Mako Kawai','en'),(1502,232,'河合まこ','ja'),(1503,232,'hehezhenzi','pinyin'),(1504,233,'不时轻声地以俄语遮羞的邻座艾莉同学','zh'),(1505,233,'Roshidere','en'),(1506,233,'時々ボソッとロシア語でデレる隣のアーリャさん','ja'),(1507,233,'bushiqingshengdiyieyuzhexiudelinzuoailitongxue','pinyin'),(1508,234,'艾莉莎·米哈伊罗夫纳·九条','zh'),(1509,234,'Alisa Mikhailovna Kujou','en'),(1510,234,'アリサ・ミハイロヴナ・九条','ja'),(1511,234,'ailishamihayiluofunajiutiao','pinyin'),(1512,235,'想哭的我戴上了猫的面具','zh'),(1513,235,'A Whisker Away','en'),(1514,235,'泣きたい私は猫をかぶる','ja'),(1515,235,'xiangkudewodaishanglemaodemianju','pinyin'),(1516,236,'笹木美代','zh'),(1517,236,'Miyo Sasaki','en'),(1518,236,'timumeidai','pinyin'),(1519,237,'无职转生～到了异世界就拿出真本事～','zh'),(1520,237,'Mushoku Tensei','en'),(1521,237,'無職転生 ～異世界行ったら本気だす～','ja'),(1522,237,'wuzhizhuanshengdaoleyishijiejiunachuzhenbenshi','pinyin'),(1523,238,'洛琪希·米格路迪亚','zh'),(1524,238,'Roxy Migurdia','en'),(1525,238,'ロキシー・ミグルディア','ja'),(1526,238,'luoqiximigeludiya','pinyin'),(1527,239,'精灵幻想记','zh'),(1528,239,'Seirei Gensouki','en'),(1529,239,'精霊幻想記','ja'),(1530,239,'jinglinghuanxiangji','pinyin'),(1531,240,'赛莉亚·库列尔','zh'),(1532,240,'Celia Claire','en'),(1533,240,'セリア＝クレール','ja'),(1534,240,'sailiyakulieer','pinyin'),(1535,241,'义妹生活','zh'),(1536,241,'Days with My Stepsister','en'),(1537,241,'義妹生活','ja'),(1538,241,'yimeishenghuo','pinyin'),(1539,242,'绫濑沙季','zh'),(1540,242,'Saki Ayase','en'),(1541,242,'綾瀬沙季','ja'),(1542,242,'linglaishaji','pinyin'),(1543,243,'转生公主与天才千金的魔法革命','zh'),(1544,243,'The Magical Revolution','en'),(1545,243,'転生王女と天才令嬢の魔力革命','ja'),(1546,243,'zhuanshenggongzhuyutiancaiqianjindemofageming','pinyin'),(1547,244,'安妮丝菲亚·温·帕雷提亚','zh'),(1548,244,'Anisphia Wynn Palettia','en'),(1549,244,'アニスフィア・ウィン・パレッティア','ja'),(1550,244,'annisifeiyawenpaleitiya','pinyin'),(1551,245,'我的青春恋爱物语果然有问题','zh'),(1552,245,'OreGairu','en'),(1553,245,'やはり俺の青春ラブコメはまちがっている。','ja'),(1554,245,'wodeqingchunlianaiwuyuguoranyouwenti','pinyin'),(1555,246,'雪之下雪乃','zh'),(1556,246,'Yukino Yukinoshita','en'),(1557,246,'雪ノ下雪乃','ja'),(1558,246,'xuezhixiaxuenai','pinyin'),(1559,247,'败北女角太多了！','zh'),(1560,247,'Makeine','en'),(1561,247,'負けヒロインが多すぎる！','ja'),(1562,247,'baibeinvjuetaiduole','pinyin'),(1563,248,'八奈见杏菜','zh'),(1564,248,'Anna Yanami','en'),(1565,248,'八奈見杏菜','ja'),(1566,248,'banaijianxingcai','pinyin'),(1567,249,'葬送的芙莉莲','zh'),(1568,249,'Frieren','en'),(1569,249,'葬送のフリーレン','ja'),(1570,249,'zangsongdefulilian','pinyin'),(1571,250,'芙莉莲','zh'),(1572,250,'Frieren','en'),(1573,250,'フリーレン','ja'),(1574,250,'fulilian','pinyin'),(1575,251,'契约之吻','zh'),(1576,251,'Engage Kiss','en'),(1577,251,'Engage Kiss','ja'),(1578,251,'qiyuezhiwen','pinyin'),(1579,252,'木更','zh'),(1580,252,'Kisara','en'),(1581,252,'キサラ','ja'),(1582,252,'mugeng','pinyin'),(1586,253,'虽然是公会柜台小姐，但是因为讨厌加班所以要去单挑BOSS','zh'),(1587,253,'Guild Receptionist','en'),(1588,253,'受付嬢ですが、定時で帰りたいのでボスをソロ討伐しようと思います','ja'),(1589,254,'珊瑚宫心海','zh'),(1590,254,'Sangonomiya Kokomi','en'),(1591,254,'珊瑚宮心海','ja'),(1592,254,'shanhugongxinhai','pinyin');
/*!40000 ALTER TABLE `tag_aliases` ENABLE KEYS */;
UNLOCK TABLES;

--
-- Table structure for table `tags`
--

DROP TABLE IF EXISTS `tags`;
/*!40101 SET @saved_cs_client     = @@character_set_client */;
/*!50503 SET character_set_client = utf8mb4 */;
CREATE TABLE `tags` (
  `id` int unsigned NOT NULL AUTO_INCREMENT COMMENT '标签唯一ID',
  `name` varchar(100) COLLATE utf8mb4_unicode_ci NOT NULL COMMENT '标签名称',
  `primary_name_en` varchar(100) COLLATE utf8mb4_unicode_ci NOT NULL COMMENT '标签的英文主名，用于程序关联',
  `parent_id` int unsigned DEFAULT NULL COMMENT '父标签ID，形成层级关系',
  PRIMARY KEY (`id`),
  UNIQUE KEY `idx_name` (`name`),
  UNIQUE KEY `idx_primary_name_en` (`primary_name_en`),
  KEY `fk_parent_tag` (`parent_id`),
  CONSTRAINT `fk_parent_tag` FOREIGN KEY (`parent_id`) REFERENCES `tags` (`id`) ON DELETE SET NULL ON UPDATE CASCADE
) ENGINE=InnoDB AUTO_INCREMENT=255 DEFAULT CHARSET=utf8mb4 COLLATE=utf8mb4_unicode_ci COMMENT='标签表';
/*!40101 SET character_set_client = @saved_cs_client */;

--
-- Dumping data for table `tags`
--

LOCK TABLES `tags` WRITE;
/*!40000 ALTER TABLE `tags` DISABLE KEYS */;
INSERT INTO `tags` (`id`, `name`, `primary_name_en`, `parent_id`) VALUES (101,'原神','genshin_impact',NULL),(102,'角色','character',101),(103,'荧','lumine',102),(104,'空','aether',102),(105,'派蒙','paimon',102),(106,'蒙德','mondstadt',101),(107,'芭芭拉','barbara',106),(108,'璃月','liyue',101),(109,'钟离','zhongli',108),(110,'甘雨','ganyu',108),(111,'凝光','ningguang',108),(112,'刻晴','keqing',108),(113,'稻妻','inazuma',101),(114,'雷电将军','raiden_shogun',113),(115,'宵宫','yoimiya',113),(116,'八重神子','yae_miko',113),(117,'神里绫华','kamisato_ayaka',113),(118,'五郎','gorou',113),(119,'胡桃','hu_tao',113),(120,'枫原万叶','kaedehara_kazuha',113),(121,'早柚','sayu',113),(122,'九条裟罗','kujou_sara',113),(123,'鹿野院平藏','shikanoin_heizou',113),(124,'枫丹','fontaine',101),(125,'芙宁娜','furina',124),(126,'纳塔','natlan',101),(127,'丝柯克','xilonen',126),(128,'茜特菈莉','citlali',126),(129,'崩坏:星穹铁道','honkai_star_rail',NULL),(130,'星','stelle',129),(131,'海瑟音','hestia',129),(132,'刻律德菈','cerydra',129),(133,'Saber','saber',129),(134,'风堇','bronya',129),(135,'遐蝶','sunday',129),(136,'黑塔','herta',129),(137,'大黑塔','herta_puppet',129),(138,'忘归人','feixiao',129),(139,'灵砂','lingsha',129),(140,'云璃','yunli',129),(141,'流萤','firefly',129),(142,'知更鸟','robin',129),(143,'黄泉','acheron',129),(144,'花火','sparkle',129),(145,'藿藿','huohuo',129),(146,'阮•梅','ruan_mei',129),(147,'符玄','fu_xuan',129),(148,'停云','tingyun',129),(149,'克拉拉','clara',129),(150,'希儿','seele',129),(151,'三月七','march_7th',129),(152,'艾丝妲','asta',129),(153,'昔涟','xier',129),(154,'崩坏三','honkai_impact_3rd',NULL),(155,'琪亚娜·卡斯兰娜','kiana_kaslana',154),(156,'终焉之律者','herrscher_of_finality',155),(157,'薪炎之律者','herrscher_of_flamescion',155),(158,'空之律者','herrscher_of_the_void',155),(159,'雷电芽衣','raiden_mei',154),(160,'始源之律者','herrscher_of_origin',159),(161,'断罪影舞','shadow_dash',159),(162,'雷之律者','herrscher_of_thunder',159),(163,'破晓强袭','striker_fulminata',159),(164,'布洛妮娅·扎伊切克','bronya_zaychik',154),(165,'真理之律者','herrscher_of_truth',164),(166,'次生银翼','silverwing_n_ex',164),(167,'迷城骇兔','haxxor_bunny',164),(168,'理之律者','herrscher_of_reason',164),(169,'八重樱','yae_sakura',154),(170,'夜隐重霞','darkbolt_jonin',169),(171,'真炎幸魂','flame_sakitama',169),(172,'逆神巫女','miko',169),(173,'御神装·勿忘','memento',169),(174,'希儿·芙乐艾','seele_vollerei',154),(175,'死生之律者','herrscher_of_rebirth',174),(176,'魇夜星渊','stygian_nymph',174),(177,'彼岸双生','swallowtail_phantasm',174),(178,'幻海梦蝶','starchasm_nyx',174),(179,'爱莉希雅','elysia',154),(180,'真我·人之律者','herrscher_of_human_ego',179),(181,'粉色妖精小姐♪','miss_pink_elf',179),(182,'梅比乌斯','mobius',154),(183,'无限·噬界之蛇','infinite_ouroboros',182),(184,'帕朵菲莉丝','pardofelis',154),(185,'空梦·掠集之兽','reverist_calico',184),(186,'伊甸','eden',154),(187,'黄金·璀耀之歌','golden_diva',186),(188,'格蕾修','griseo',154),(189,'繁星·绘世之卷','cosmic_expression',188),(190,'动漫','anime',NULL),(191,'天使的心跳','angel_beats',190),(192,'立华奏','kanade_tachibana',191),(193,'ATRI -My Dear Moments-','atrimydearmoments',190),(194,'亚托莉','atri',193),(195,'夏洛特','charlotte',190),(196,'友利奈绪','nao_tomori',195),(197,'你好，世界','hello_world',190),(198,'一行瑠璃','ruri_ichigyo',197),(199,'可塑性记忆','plastic_memories',190),(200,'艾拉','isla',199),(201,'夏日口袋','summer_pockets',190),(202,'鸣濑白羽','shiroha_naruse',201),(203,'出包王女','to_love_ru',190),(204,'菈菈·撒塔琳·戴比路克','lala_satalin_deviluke',203),(205,'这个美术社大有问题！','this_art_club_has_a_problem',190),(206,'宇佐美瑞希','mizuki_usami',205),(207,'请问您今天要来点兔子吗？','is_the_order_a_rabbit',190),(208,'保登心爱','cocoa_hoto',207),(209,'鹿乃子乃子乃子虎视眈眈','my_deer_friend_nokotan',190),(210,'鹿乃子乃子','noko_shikanoko',209),(211,'家里蹲吸血姬的苦闷','the_vexations_of_a_shut_in_vampire_princess',190),(212,'黛拉可玛莉·岗德森布莱德','terakomari_gandesblood',211),(213,'埃罗芒阿老师','eromanga_sensei',190),(214,'和泉纱雾','sagiri_izumi',213),(215,'不正经的魔术讲师与禁忌教典','akashic_records_of_bastard_magic_instructor',190),(216,'西丝蒂娜·席贝尔','sistine_fibel',215),(217,'我心里危险的东西','the_dangers_in_my_heart',190),(218,'山田杏奈','anna_yamada',217),(219,'不起眼女主角培育法','saekano',190),(220,'加藤惠','megumi_kato',219),(221,'式守同学不只可爱而已','shikimoris_not_just_a_cutie',190),(222,'式守同学','shikimori',221),(223,'通往夏天的隧道，再见的出口','the_tunnel_to_summer_the_exit_of_goodbyes',190),(224,'花城杏子','anzu_hanashiro',223),(225,'满怀美梦的少年是现实主义者','the_dreaming_boy_is_a_realist',190),(226,'夏川爱华','aika_natsukawa',225),(227,'天才王子的赤字国家振兴术','genius_princes_guide',190),(228,'妮妮姆·拉雷','ninym_ralei',227),(229,'寄宿学校的朱丽叶','boarding_school_juliet',190),(230,'茱丽叶·佩尔西亚','juliet_persia',229),(231,'岁月流逝饭菜依旧美味','food_for_the_soul',190),(232,'河合真子','mako_kawai',231),(233,'不时轻声地以俄语遮羞的邻座艾莉同学','roshidere',190),(234,'艾莉莎·米哈伊罗夫纳·九条','alisa_mikhailovna_kujou',233),(235,'想哭的我戴上了猫的面具','a_whisker_away',190),(236,'笹木美代','miyo_sasaki',235),(237,'无职转生～到了异世界就拿出真本事～','mushoku_tensei',190),(238,'洛琪希·米格路迪亚','roxy_migurdia',237),(239,'精灵幻想记','seirei_gensouki',190),(240,'赛莉亚·库列尔','celia_claire',239),(241,'义妹生活','days_with_my_stepsister',190),(242,'绫濑沙季','saki_ayase',241),(243,'转生公主与天才千金的魔法革命','the_magical_revolution',190),(244,'安妮丝菲亚·温·帕雷提亚','anisphia_wynn_palettia',243),(245,'我的青春恋爱物语果然有问题','oregairu',190),(246,'雪之下雪乃','yukino_yukinoshita',245),(247,'败北女角太多了！','makeine',190),(248,'八奈见杏菜','anna_yanami',247),(249,'葬送的芙莉莲','frieren',190),(250,'芙莉莲','frieren_1',249),(251,'契约之吻','engage_kiss',190),(252,'木更','kisara',251),(253,'虽然是公会柜台小姐，但是因为讨厌加班所以要去单挑BOSS','guild_receptionist',190),(254,'珊瑚宫心海','sangonomiya_kokomi',113);
/*!40000 ALTER TABLE `tags` ENABLE KEYS */;
UNLOCK TABLES;
/*!40103 SET TIME_ZONE=@OLD_TIME_ZONE */;

/*!40101 SET SQL_MODE=@OLD_SQL_MODE */;
/*!40014 SET FOREIGN_KEY_CHECKS=@OLD_FOREIGN_KEY_CHECKS */;
/*!40014 SET UNIQUE_CHECKS=@OLD_UNIQUE_CHECKS */;
/*!40101 SET CHARACTER_SET_CLIENT=@OLD_CHARACTER_SET_CLIENT */;
/*!40101 SET CHARACTER_SET_RESULTS=@OLD_CHARACTER_SET_RESULTS */;
/*!40101 SET COLLATION_CONNECTION=@OLD_COLLATION_CONNECTION */;
/*!40111 SET SQL_NOTES=@OLD_SQL_NOTES */;

-- Dump completed on 2025-09-07 14:53:53
